archivo,clase_real,prediccion,correcto
box_01_freq_reflect_09a2f2c2-ad7f-11ee-bb2a-047c16a08772_0-0_80-90.png,box,box,True
box_01_freq_reflect_09a2f2c2-ad7f-11ee-bb2a-047c16a08772_0-100_80-90.png,box,box,True
box_01_freq_reflect_09a2f2c2-ad7f-11ee-bb2a-047c16a08772_0-101_80-90.png,box,box,True
box_01_freq_reflect_09a2f2c2-ad7f-11ee-bb2a-047c16a08772_0-102_80-90.png,box,box,True
box_01_freq_reflect_09a2f2c2-ad7f-11ee-bb2a-047c16a08772_0-103_80-90.png,box,box,True
box_01_freq_reflect_09a2f2c2-ad7f-11ee-bb2a-047c16a08772_0-104_80-90.png,box,box,True
box_01_freq_reflect_09a2f2c2-ad7f-11ee-bb2a-047c16a08772_0-105_80-90.png,box,box,True
box_01_freq_reflect_09a2f2c2-ad7f-11ee-bb2a-047c16a08772_0-106_80-90.png,box,box,True
box_01_freq_reflect_09a2f2c2-ad7f-11ee-bb2a-047c16a08772_0-107_80-90.png,box,box,True
box_01_freq_reflect_09a2f2c2-ad7f-11ee-bb2a-047c16a08772_0-108_80-90.png,box,box,True
box_01_freq_reflect_09a2f2c2-ad7f-11ee-bb2a-047c16a08772_0-109_80-90.png,box,box,True
box_01_freq_reflect_09a2f2c2-ad7f-11ee-bb2a-047c16a08772_0-10_80-90.png,box,box,True
box_01_freq_reflect_09a2f2c2-ad7f-11ee-bb2a-047c16a08772_0-110_80-90.png,box,box,True
box_01_freq_reflect_09a2f2c2-ad7f-11ee-bb2a-047c16a08772_0-111_80-90.png,box,box,True
box_01_freq_reflect_09a2f2c2-ad7f-11ee-bb2a-047c16a08772_0-112_80-90.png,box,box,True
box_01_freq_reflect_09a2f2c2-ad7f-11ee-bb2a-047c16a08772_0-113_80-90.png,box,box,True
box_01_freq_reflect_09a2f2c2-ad7f-11ee-bb2a-047c16a08772_0-114_80-90.png,box,box,True
box_01_freq_reflect_09a2f2c2-ad7f-11ee-bb2a-047c16a08772_0-115_80-90.png,box,box,True
box_01_freq_reflect_09a2f2c2-ad7f-11ee-bb2a-047c16a08772_0-116_80-90.png,box,box,True
box_01_freq_reflect_09a2f2c2-ad7f-11ee-bb2a-047c16a08772_0-117_80-90.png,box,box,True
box_01_freq_reflect_09a2f2c2-ad7f-11ee-bb2a-047c16a08772_0-118_80-90.png,box,circle,False
box_01_freq_reflect_09a2f2c2-ad7f-11ee-bb2a-047c16a08772_0-119_80-90.png,box,circle,False
box_01_freq_reflect_09a2f2c2-ad7f-11ee-bb2a-047c16a08772_0-11_80-90.png,box,box,True
box_01_freq_reflect_09a2f2c2-ad7f-11ee-bb2a-047c16a08772_0-120_80-90.png,box,box,True
box_01_freq_reflect_09a2f2c2-ad7f-11ee-bb2a-047c16a08772_0-121_80-90.png,box,box,True
box_01_freq_reflect_09a2f2c2-ad7f-11ee-bb2a-047c16a08772_0-122_80-90.png,box,box,True
box_01_freq_reflect_09a2f2c2-ad7f-11ee-bb2a-047c16a08772_0-123_80-90.png,box,box,True
box_01_freq_reflect_09a2f2c2-ad7f-11ee-bb2a-047c16a08772_0-124_80-90.png,box,box,True
box_01_freq_reflect_09a2f2c2-ad7f-11ee-bb2a-047c16a08772_0-125_80-90.png,box,box,True
box_01_freq_reflect_09a2f2c2-ad7f-11ee-bb2a-047c16a08772_0-126_80-90.png,box,circle,False
box_01_freq_reflect_09a2f2c2-ad7f-11ee-bb2a-047c16a08772_0-127_80-90.png,box,box,True
box_01_freq_reflect_09a2f2c2-ad7f-11ee-bb2a-047c16a08772_0-128_80-90.png,box,box,True
box_01_freq_reflect_09a2f2c2-ad7f-11ee-bb2a-047c16a08772_0-129_80-90.png,box,box,True
box_01_freq_reflect_09a2f2c2-ad7f-11ee-bb2a-047c16a08772_0-12_80-90.png,box,box,True
box_01_freq_reflect_09a2f2c2-ad7f-11ee-bb2a-047c16a08772_0-130_80-90.png,box,box,True
box_01_freq_reflect_09a2f2c2-ad7f-11ee-bb2a-047c16a08772_0-131_80-90.png,box,box,True
box_01_freq_reflect_09a2f2c2-ad7f-11ee-bb2a-047c16a08772_0-132_80-90.png,box,box,True
box_01_freq_reflect_09a2f2c2-ad7f-11ee-bb2a-047c16a08772_0-133_80-90.png,box,box,True
box_01_freq_reflect_09a2f2c2-ad7f-11ee-bb2a-047c16a08772_0-134_80-90.png,box,box,True
box_01_freq_reflect_09a2f2c2-ad7f-11ee-bb2a-047c16a08772_0-135_80-90.png,box,box,True
box_01_freq_reflect_09a2f2c2-ad7f-11ee-bb2a-047c16a08772_0-136_80-90.png,box,box,True
box_01_freq_reflect_09a2f2c2-ad7f-11ee-bb2a-047c16a08772_0-137_80-90.png,box,box,True
box_01_freq_reflect_09a2f2c2-ad7f-11ee-bb2a-047c16a08772_0-138_80-90.png,box,box,True
box_01_freq_reflect_09a2f2c2-ad7f-11ee-bb2a-047c16a08772_0-139_80-90.png,box,box,True
box_01_freq_reflect_09a2f2c2-ad7f-11ee-bb2a-047c16a08772_0-13_80-90.png,box,box,True
box_01_freq_reflect_09a2f2c2-ad7f-11ee-bb2a-047c16a08772_0-140_80-90.png,box,box,True
box_01_freq_reflect_09a2f2c2-ad7f-11ee-bb2a-047c16a08772_0-141_80-90.png,box,box,True
box_01_freq_reflect_09a2f2c2-ad7f-11ee-bb2a-047c16a08772_0-142_80-90.png,box,box,True
box_01_freq_reflect_09a2f2c2-ad7f-11ee-bb2a-047c16a08772_0-143_80-90.png,box,box,True
box_01_freq_reflect_09a2f2c2-ad7f-11ee-bb2a-047c16a08772_0-144_80-90.png,box,box,True
box_01_freq_reflect_09a2f2c2-ad7f-11ee-bb2a-047c16a08772_0-145_80-90.png,box,box,True
box_01_freq_reflect_09a2f2c2-ad7f-11ee-bb2a-047c16a08772_0-146_80-90.png,box,box,True
box_01_freq_reflect_09a2f2c2-ad7f-11ee-bb2a-047c16a08772_0-147_80-90.png,box,box,True
box_01_freq_reflect_09a2f2c2-ad7f-11ee-bb2a-047c16a08772_0-148_80-90.png,box,box,True
box_01_freq_reflect_09a2f2c2-ad7f-11ee-bb2a-047c16a08772_0-149_80-90.png,box,box,True
box_01_freq_reflect_09a2f2c2-ad7f-11ee-bb2a-047c16a08772_0-14_80-90.png,box,box,True
box_01_freq_reflect_09a2f2c2-ad7f-11ee-bb2a-047c16a08772_0-150_80-90.png,box,box,True
box_01_freq_reflect_09a2f2c2-ad7f-11ee-bb2a-047c16a08772_0-151_80-90.png,box,box,True
box_01_freq_reflect_09a2f2c2-ad7f-11ee-bb2a-047c16a08772_0-152_80-90.png,box,box,True
box_01_freq_reflect_09a2f2c2-ad7f-11ee-bb2a-047c16a08772_0-153_80-90.png,box,box,True
box_01_freq_reflect_09a2f2c2-ad7f-11ee-bb2a-047c16a08772_0-154_80-90.png,box,box,True
box_01_freq_reflect_09a2f2c2-ad7f-11ee-bb2a-047c16a08772_0-155_80-90.png,box,box,True
box_01_freq_reflect_09a2f2c2-ad7f-11ee-bb2a-047c16a08772_0-156_80-90.png,box,box,True
box_01_freq_reflect_09a2f2c2-ad7f-11ee-bb2a-047c16a08772_0-157_80-90.png,box,box,True
box_01_freq_reflect_09a2f2c2-ad7f-11ee-bb2a-047c16a08772_0-158_80-90.png,box,box,True
box_01_freq_reflect_09a2f2c2-ad7f-11ee-bb2a-047c16a08772_0-159_80-90.png,box,box,True
box_01_freq_reflect_09a2f2c2-ad7f-11ee-bb2a-047c16a08772_0-15_80-90.png,box,box,True
box_01_freq_reflect_09a2f2c2-ad7f-11ee-bb2a-047c16a08772_0-160_80-90.png,box,box,True
box_01_freq_reflect_09a2f2c2-ad7f-11ee-bb2a-047c16a08772_0-161_80-90.png,box,box,True
box_01_freq_reflect_09a2f2c2-ad7f-11ee-bb2a-047c16a08772_0-162_80-90.png,box,box,True
box_01_freq_reflect_09a2f2c2-ad7f-11ee-bb2a-047c16a08772_0-163_80-90.png,box,box,True
box_01_freq_reflect_09a2f2c2-ad7f-11ee-bb2a-047c16a08772_0-164_80-90.png,box,box,True
box_01_freq_reflect_09a2f2c2-ad7f-11ee-bb2a-047c16a08772_0-165_80-90.png,box,box,True
box_01_freq_reflect_09a2f2c2-ad7f-11ee-bb2a-047c16a08772_0-166_80-90.png,box,box,True
box_01_freq_reflect_09a2f2c2-ad7f-11ee-bb2a-047c16a08772_0-167_80-90.png,box,box,True
box_01_freq_reflect_09a2f2c2-ad7f-11ee-bb2a-047c16a08772_0-168_80-90.png,box,box,True
box_01_freq_reflect_09a2f2c2-ad7f-11ee-bb2a-047c16a08772_0-169_80-90.png,box,box,True
box_01_freq_reflect_09a2f2c2-ad7f-11ee-bb2a-047c16a08772_0-16_80-90.png,box,box,True
box_01_freq_reflect_09a2f2c2-ad7f-11ee-bb2a-047c16a08772_0-170_80-90.png,box,box,True
box_01_freq_reflect_09a2f2c2-ad7f-11ee-bb2a-047c16a08772_0-171_80-90.png,box,box,True
box_01_freq_reflect_09a2f2c2-ad7f-11ee-bb2a-047c16a08772_0-172_80-90.png,box,box,True
box_01_freq_reflect_09a2f2c2-ad7f-11ee-bb2a-047c16a08772_0-173_80-90.png,box,box,True
box_01_freq_reflect_09a2f2c2-ad7f-11ee-bb2a-047c16a08772_0-174_80-90.png,box,box,True
box_01_freq_reflect_09a2f2c2-ad7f-11ee-bb2a-047c16a08772_0-175_80-90.png,box,box,True
box_01_freq_reflect_09a2f2c2-ad7f-11ee-bb2a-047c16a08772_0-176_80-90.png,box,box,True
box_01_freq_reflect_09a2f2c2-ad7f-11ee-bb2a-047c16a08772_0-177_80-90.png,box,box,True
box_01_freq_reflect_09a2f2c2-ad7f-11ee-bb2a-047c16a08772_0-178_80-90.png,box,box,True
box_01_freq_reflect_09a2f2c2-ad7f-11ee-bb2a-047c16a08772_0-179_80-90.png,box,box,True
box_01_freq_reflect_09a2f2c2-ad7f-11ee-bb2a-047c16a08772_0-17_80-90.png,box,box,True
box_01_freq_reflect_09a2f2c2-ad7f-11ee-bb2a-047c16a08772_0-180_80-90.png,box,box,True
box_01_freq_reflect_09a2f2c2-ad7f-11ee-bb2a-047c16a08772_0-181_80-90.png,box,box,True
box_01_freq_reflect_09a2f2c2-ad7f-11ee-bb2a-047c16a08772_0-182_80-90.png,box,circle,False
box_01_freq_reflect_09a2f2c2-ad7f-11ee-bb2a-047c16a08772_0-183_80-90.png,box,box,True
box_01_freq_reflect_09a2f2c2-ad7f-11ee-bb2a-047c16a08772_0-184_80-90.png,box,box,True
box_01_freq_reflect_09a2f2c2-ad7f-11ee-bb2a-047c16a08772_0-185_80-90.png,box,circle,False
box_01_freq_reflect_09a2f2c2-ad7f-11ee-bb2a-047c16a08772_0-186_80-90.png,box,box,True
box_01_freq_reflect_09a2f2c2-ad7f-11ee-bb2a-047c16a08772_0-187_80-90.png,box,circle,False
box_01_freq_reflect_09a2f2c2-ad7f-11ee-bb2a-047c16a08772_0-188_80-90.png,box,box,True
box_01_freq_reflect_09a2f2c2-ad7f-11ee-bb2a-047c16a08772_0-189_80-90.png,box,box,True
box_01_freq_reflect_09a2f2c2-ad7f-11ee-bb2a-047c16a08772_0-18_80-90.png,box,box,True
box_01_freq_reflect_09a2f2c2-ad7f-11ee-bb2a-047c16a08772_0-190_80-90.png,box,box,True
box_01_freq_reflect_09a2f2c2-ad7f-11ee-bb2a-047c16a08772_0-191_80-90.png,box,box,True
box_01_freq_reflect_09a2f2c2-ad7f-11ee-bb2a-047c16a08772_0-192_80-90.png,box,box,True
box_01_freq_reflect_09a2f2c2-ad7f-11ee-bb2a-047c16a08772_0-193_80-90.png,box,box,True
box_01_freq_reflect_09a2f2c2-ad7f-11ee-bb2a-047c16a08772_0-194_80-90.png,box,box,True
box_01_freq_reflect_09a2f2c2-ad7f-11ee-bb2a-047c16a08772_0-195_80-90.png,box,box,True
box_01_freq_reflect_09a2f2c2-ad7f-11ee-bb2a-047c16a08772_0-196_80-90.png,box,box,True
box_01_freq_reflect_09a2f2c2-ad7f-11ee-bb2a-047c16a08772_0-197_80-90.png,box,box,True
box_01_freq_reflect_09a2f2c2-ad7f-11ee-bb2a-047c16a08772_0-198_80-90.png,box,box,True
box_01_freq_reflect_09a2f2c2-ad7f-11ee-bb2a-047c16a08772_0-199_80-90.png,box,box,True
box_01_freq_reflect_09a2f2c2-ad7f-11ee-bb2a-047c16a08772_0-19_80-90.png,box,box,True
box_01_freq_reflect_09a2f2c2-ad7f-11ee-bb2a-047c16a08772_0-1_80-90.png,box,box,True
box_01_freq_reflect_09a2f2c2-ad7f-11ee-bb2a-047c16a08772_0-20_80-90.png,box,box,True
box_01_freq_reflect_09a2f2c2-ad7f-11ee-bb2a-047c16a08772_0-21_80-90.png,box,box,True
box_01_freq_reflect_09a2f2c2-ad7f-11ee-bb2a-047c16a08772_0-22_80-90.png,box,box,True
box_01_freq_reflect_09a2f2c2-ad7f-11ee-bb2a-047c16a08772_0-23_80-90.png,box,box,True
box_01_freq_reflect_09a2f2c2-ad7f-11ee-bb2a-047c16a08772_0-24_80-90.png,box,box,True
box_01_freq_reflect_09a2f2c2-ad7f-11ee-bb2a-047c16a08772_0-25_80-90.png,box,box,True
box_01_freq_reflect_09a2f2c2-ad7f-11ee-bb2a-047c16a08772_0-26_80-90.png,box,box,True
box_01_freq_reflect_09a2f2c2-ad7f-11ee-bb2a-047c16a08772_0-27_80-90.png,box,box,True
box_01_freq_reflect_09a2f2c2-ad7f-11ee-bb2a-047c16a08772_0-28_80-90.png,box,box,True
box_01_freq_reflect_09a2f2c2-ad7f-11ee-bb2a-047c16a08772_0-29_80-90.png,box,box,True
box_01_freq_reflect_09a2f2c2-ad7f-11ee-bb2a-047c16a08772_0-2_80-90.png,box,box,True
box_01_freq_reflect_09a2f2c2-ad7f-11ee-bb2a-047c16a08772_0-30_80-90.png,box,box,True
box_01_freq_reflect_09a2f2c2-ad7f-11ee-bb2a-047c16a08772_0-31_80-90.png,box,box,True
box_01_freq_reflect_09a2f2c2-ad7f-11ee-bb2a-047c16a08772_0-32_80-90.png,box,box,True
box_01_freq_reflect_09a2f2c2-ad7f-11ee-bb2a-047c16a08772_0-33_80-90.png,box,box,True
box_01_freq_reflect_09a2f2c2-ad7f-11ee-bb2a-047c16a08772_0-34_80-90.png,box,box,True
box_01_freq_reflect_09a2f2c2-ad7f-11ee-bb2a-047c16a08772_0-35_80-90.png,box,box,True
box_01_freq_reflect_09a2f2c2-ad7f-11ee-bb2a-047c16a08772_0-36_80-90.png,box,box,True
box_01_freq_reflect_09a2f2c2-ad7f-11ee-bb2a-047c16a08772_0-37_80-90.png,box,box,True
box_01_freq_reflect_09a2f2c2-ad7f-11ee-bb2a-047c16a08772_0-38_80-90.png,box,box,True
box_01_freq_reflect_09a2f2c2-ad7f-11ee-bb2a-047c16a08772_0-39_80-90.png,box,box,True
box_01_freq_reflect_09a2f2c2-ad7f-11ee-bb2a-047c16a08772_0-3_80-90.png,box,box,True
box_01_freq_reflect_09a2f2c2-ad7f-11ee-bb2a-047c16a08772_0-40_80-90.png,box,box,True
box_01_freq_reflect_09a2f2c2-ad7f-11ee-bb2a-047c16a08772_0-41_80-90.png,box,box,True
box_01_freq_reflect_09a2f2c2-ad7f-11ee-bb2a-047c16a08772_0-42_80-90.png,box,box,True
box_01_freq_reflect_09a2f2c2-ad7f-11ee-bb2a-047c16a08772_0-43_80-90.png,box,box,True
box_01_freq_reflect_09a2f2c2-ad7f-11ee-bb2a-047c16a08772_0-44_80-90.png,box,box,True
box_01_freq_reflect_09a2f2c2-ad7f-11ee-bb2a-047c16a08772_0-45_80-90.png,box,box,True
box_01_freq_reflect_09a2f2c2-ad7f-11ee-bb2a-047c16a08772_0-46_80-90.png,box,box,True
box_01_freq_reflect_09a2f2c2-ad7f-11ee-bb2a-047c16a08772_0-47_80-90.png,box,box,True
box_01_freq_reflect_09a2f2c2-ad7f-11ee-bb2a-047c16a08772_0-48_80-90.png,box,circle,False
box_01_freq_reflect_09a2f2c2-ad7f-11ee-bb2a-047c16a08772_0-49_80-90.png,box,box,True
box_01_freq_reflect_09a2f2c2-ad7f-11ee-bb2a-047c16a08772_0-4_80-90.png,box,box,True
box_01_freq_reflect_09a2f2c2-ad7f-11ee-bb2a-047c16a08772_0-50_80-90.png,box,box,True
box_01_freq_reflect_09a2f2c2-ad7f-11ee-bb2a-047c16a08772_0-51_80-90.png,box,box,True
box_01_freq_reflect_09a2f2c2-ad7f-11ee-bb2a-047c16a08772_0-52_80-90.png,box,box,True
box_01_freq_reflect_09a2f2c2-ad7f-11ee-bb2a-047c16a08772_0-53_80-90.png,box,box,True
box_01_freq_reflect_09a2f2c2-ad7f-11ee-bb2a-047c16a08772_0-54_80-90.png,box,box,True
box_01_freq_reflect_09a2f2c2-ad7f-11ee-bb2a-047c16a08772_0-55_80-90.png,box,box,True
box_01_freq_reflect_09a2f2c2-ad7f-11ee-bb2a-047c16a08772_0-56_80-90.png,box,box,True
box_01_freq_reflect_09a2f2c2-ad7f-11ee-bb2a-047c16a08772_0-57_80-90.png,box,box,True
box_01_freq_reflect_09a2f2c2-ad7f-11ee-bb2a-047c16a08772_0-58_80-90.png,box,box,True
box_01_freq_reflect_09a2f2c2-ad7f-11ee-bb2a-047c16a08772_0-59_80-90.png,box,box,True
box_01_freq_reflect_09a2f2c2-ad7f-11ee-bb2a-047c16a08772_0-5_80-90.png,box,box,True
box_01_freq_reflect_09a2f2c2-ad7f-11ee-bb2a-047c16a08772_0-60_80-90.png,box,box,True
box_01_freq_reflect_09a2f2c2-ad7f-11ee-bb2a-047c16a08772_0-61_80-90.png,box,box,True
box_01_freq_reflect_09a2f2c2-ad7f-11ee-bb2a-047c16a08772_0-62_80-90.png,box,box,True
box_01_freq_reflect_09a2f2c2-ad7f-11ee-bb2a-047c16a08772_0-63_80-90.png,box,box,True
box_01_freq_reflect_09a2f2c2-ad7f-11ee-bb2a-047c16a08772_0-64_80-90.png,box,box,True
box_01_freq_reflect_09a2f2c2-ad7f-11ee-bb2a-047c16a08772_0-65_80-90.png,box,box,True
box_01_freq_reflect_09a2f2c2-ad7f-11ee-bb2a-047c16a08772_0-66_80-90.png,box,box,True
box_01_freq_reflect_09a2f2c2-ad7f-11ee-bb2a-047c16a08772_0-67_80-90.png,box,box,True
box_01_freq_reflect_09a2f2c2-ad7f-11ee-bb2a-047c16a08772_0-68_80-90.png,box,box,True
box_01_freq_reflect_09a2f2c2-ad7f-11ee-bb2a-047c16a08772_0-69_80-90.png,box,box,True
box_01_freq_reflect_09a2f2c2-ad7f-11ee-bb2a-047c16a08772_0-6_80-90.png,box,box,True
box_01_freq_reflect_09a2f2c2-ad7f-11ee-bb2a-047c16a08772_0-70_80-90.png,box,box,True
box_01_freq_reflect_09a2f2c2-ad7f-11ee-bb2a-047c16a08772_0-71_80-90.png,box,box,True
box_01_freq_reflect_09a2f2c2-ad7f-11ee-bb2a-047c16a08772_0-72_80-90.png,box,box,True
box_01_freq_reflect_09a2f2c2-ad7f-11ee-bb2a-047c16a08772_0-73_80-90.png,box,box,True
box_01_freq_reflect_09a2f2c2-ad7f-11ee-bb2a-047c16a08772_0-74_80-90.png,box,box,True
box_01_freq_reflect_09a2f2c2-ad7f-11ee-bb2a-047c16a08772_0-75_80-90.png,box,box,True
box_01_freq_reflect_09a2f2c2-ad7f-11ee-bb2a-047c16a08772_0-76_80-90.png,box,box,True
box_01_freq_reflect_09a2f2c2-ad7f-11ee-bb2a-047c16a08772_0-77_80-90.png,box,box,True
box_01_freq_reflect_09a2f2c2-ad7f-11ee-bb2a-047c16a08772_0-78_80-90.png,box,box,True
box_01_freq_reflect_09a2f2c2-ad7f-11ee-bb2a-047c16a08772_0-79_80-90.png,box,box,True
box_01_freq_reflect_09a2f2c2-ad7f-11ee-bb2a-047c16a08772_0-7_80-90.png,box,box,True
box_01_freq_reflect_09a2f2c2-ad7f-11ee-bb2a-047c16a08772_0-80_80-90.png,box,box,True
box_01_freq_reflect_09a2f2c2-ad7f-11ee-bb2a-047c16a08772_0-81_80-90.png,box,box,True
box_01_freq_reflect_09a2f2c2-ad7f-11ee-bb2a-047c16a08772_0-82_80-90.png,box,box,True
box_01_freq_reflect_09a2f2c2-ad7f-11ee-bb2a-047c16a08772_0-83_80-90.png,box,box,True
box_01_freq_reflect_09a2f2c2-ad7f-11ee-bb2a-047c16a08772_0-84_80-90.png,box,box,True
box_01_freq_reflect_09a2f2c2-ad7f-11ee-bb2a-047c16a08772_0-85_80-90.png,box,box,True
box_01_freq_reflect_09a2f2c2-ad7f-11ee-bb2a-047c16a08772_0-86_80-90.png,box,box,True
box_01_freq_reflect_09a2f2c2-ad7f-11ee-bb2a-047c16a08772_0-87_80-90.png,box,box,True
box_01_freq_reflect_09a2f2c2-ad7f-11ee-bb2a-047c16a08772_0-88_80-90.png,box,box,True
box_01_freq_reflect_09a2f2c2-ad7f-11ee-bb2a-047c16a08772_0-89_80-90.png,box,circle,False
box_01_freq_reflect_09a2f2c2-ad7f-11ee-bb2a-047c16a08772_0-8_80-90.png,box,box,True
box_01_freq_reflect_09a2f2c2-ad7f-11ee-bb2a-047c16a08772_0-90_80-90.png,box,box,True
box_01_freq_reflect_09a2f2c2-ad7f-11ee-bb2a-047c16a08772_0-91_80-90.png,box,box,True
box_01_freq_reflect_09a2f2c2-ad7f-11ee-bb2a-047c16a08772_0-92_80-90.png,box,circle,False
box_01_freq_reflect_09a2f2c2-ad7f-11ee-bb2a-047c16a08772_0-93_80-90.png,box,box,True
box_01_freq_reflect_09a2f2c2-ad7f-11ee-bb2a-047c16a08772_0-94_80-90.png,box,box,True
box_01_freq_reflect_09a2f2c2-ad7f-11ee-bb2a-047c16a08772_0-95_80-90.png,box,box,True
box_01_freq_reflect_09a2f2c2-ad7f-11ee-bb2a-047c16a08772_0-96_80-90.png,box,box,True
box_01_freq_reflect_09a2f2c2-ad7f-11ee-bb2a-047c16a08772_0-97_80-90.png,box,box,True
box_01_freq_reflect_09a2f2c2-ad7f-11ee-bb2a-047c16a08772_0-98_80-90.png,box,box,True
box_01_freq_reflect_09a2f2c2-ad7f-11ee-bb2a-047c16a08772_0-99_80-90.png,box,box,True
box_01_freq_reflect_09a2f2c2-ad7f-11ee-bb2a-047c16a08772_0-9_80-90.png,box,box,True
box_01_freq_reflect_0ed3a0e8-a653-11ee-9db6-047c16a08772_0-0_80-90.png,box,box,True
box_01_freq_reflect_0ed3a0e8-a653-11ee-9db6-047c16a08772_0-102_80-90.png,box,box,True
box_01_freq_reflect_0ed3a0e8-a653-11ee-9db6-047c16a08772_0-119_80-90.png,box,box,True
box_01_freq_reflect_0ed3a0e8-a653-11ee-9db6-047c16a08772_0-129_80-90.png,box,box,True
box_01_freq_reflect_0ed3a0e8-a653-11ee-9db6-047c16a08772_0-130_80-90.png,box,box,True
box_01_freq_reflect_0ed3a0e8-a653-11ee-9db6-047c16a08772_0-131_80-90.png,box,box,True
box_01_freq_reflect_0ed3a0e8-a653-11ee-9db6-047c16a08772_0-132_80-90.png,box,box,True
box_01_freq_reflect_0ed3a0e8-a653-11ee-9db6-047c16a08772_0-134_80-90.png,box,box,True
box_01_freq_reflect_0ed3a0e8-a653-11ee-9db6-047c16a08772_0-145_80-90.png,box,box,True
box_01_freq_reflect_0ed3a0e8-a653-11ee-9db6-047c16a08772_0-158_80-90.png,box,box,True
box_01_freq_reflect_0ed3a0e8-a653-11ee-9db6-047c16a08772_0-15_80-90.png,box,box,True
box_01_freq_reflect_0ed3a0e8-a653-11ee-9db6-047c16a08772_0-168_80-90.png,box,box,True
box_01_freq_reflect_0ed3a0e8-a653-11ee-9db6-047c16a08772_0-16_80-90.png,box,box,True
box_01_freq_reflect_0ed3a0e8-a653-11ee-9db6-047c16a08772_0-17_80-90.png,box,box,True
box_01_freq_reflect_0ed3a0e8-a653-11ee-9db6-047c16a08772_0-187_80-90.png,box,box,True
box_01_freq_reflect_0ed3a0e8-a653-11ee-9db6-047c16a08772_0-18_80-90.png,box,box,True
box_01_freq_reflect_0ed3a0e8-a653-11ee-9db6-047c16a08772_0-19_80-90.png,box,box,True
box_01_freq_reflect_0ed3a0e8-a653-11ee-9db6-047c16a08772_0-1_80-90.png,box,box,True
box_01_freq_reflect_0ed3a0e8-a653-11ee-9db6-047c16a08772_0-200_80-90.png,box,box,True
box_01_freq_reflect_0ed3a0e8-a653-11ee-9db6-047c16a08772_0-201_80-90.png,box,box,True
box_01_freq_reflect_0ed3a0e8-a653-11ee-9db6-047c16a08772_0-202_80-90.png,box,box,True
box_01_freq_reflect_0ed3a0e8-a653-11ee-9db6-047c16a08772_0-203_80-90.png,box,box,True
box_01_freq_reflect_0ed3a0e8-a653-11ee-9db6-047c16a08772_0-205_80-90.png,box,box,True
box_01_freq_reflect_0ed3a0e8-a653-11ee-9db6-047c16a08772_0-20_80-90.png,box,box,True
box_01_freq_reflect_0ed3a0e8-a653-11ee-9db6-047c16a08772_0-218_80-90.png,box,box,True
box_01_freq_reflect_0ed3a0e8-a653-11ee-9db6-047c16a08772_0-21_80-90.png,box,box,True
box_01_freq_reflect_0ed3a0e8-a653-11ee-9db6-047c16a08772_0-22_80-90.png,box,box,True
box_01_freq_reflect_0ed3a0e8-a653-11ee-9db6-047c16a08772_0-234_80-90.png,box,box,True
box_01_freq_reflect_0ed3a0e8-a653-11ee-9db6-047c16a08772_0-23_80-90.png,box,box,True
box_01_freq_reflect_0ed3a0e8-a653-11ee-9db6-047c16a08772_0-249_80-90.png,box,box,True
box_01_freq_reflect_0ed3a0e8-a653-11ee-9db6-047c16a08772_0-24_80-90.png,box,box,True
box_01_freq_reflect_0ed3a0e8-a653-11ee-9db6-047c16a08772_0-25_80-90.png,box,box,True
box_01_freq_reflect_0ed3a0e8-a653-11ee-9db6-047c16a08772_0-262_80-90.png,box,box,True
box_01_freq_reflect_0ed3a0e8-a653-11ee-9db6-047c16a08772_0-26_80-90.png,box,box,True
box_01_freq_reflect_0ed3a0e8-a653-11ee-9db6-047c16a08772_0-273_80-90.png,box,box,True
box_01_freq_reflect_0ed3a0e8-a653-11ee-9db6-047c16a08772_0-274_80-90.png,box,box,True
box_01_freq_reflect_0ed3a0e8-a653-11ee-9db6-047c16a08772_0-275_80-90.png,box,box,True
box_01_freq_reflect_0ed3a0e8-a653-11ee-9db6-047c16a08772_0-276_80-90.png,box,box,True
box_01_freq_reflect_0ed3a0e8-a653-11ee-9db6-047c16a08772_0-277_80-90.png,box,box,True
box_01_freq_reflect_0ed3a0e8-a653-11ee-9db6-047c16a08772_0-278_80-90.png,box,box,True
box_01_freq_reflect_0ed3a0e8-a653-11ee-9db6-047c16a08772_0-279_80-90.png,box,box,True
box_01_freq_reflect_0ed3a0e8-a653-11ee-9db6-047c16a08772_0-27_80-90.png,box,box,True
box_01_freq_reflect_0ed3a0e8-a653-11ee-9db6-047c16a08772_0-280_80-90.png,box,box,True
box_01_freq_reflect_0ed3a0e8-a653-11ee-9db6-047c16a08772_0-281_80-90.png,box,box,True
box_01_freq_reflect_0ed3a0e8-a653-11ee-9db6-047c16a08772_0-282_80-90.png,box,box,True
box_01_freq_reflect_0ed3a0e8-a653-11ee-9db6-047c16a08772_0-28_80-90.png,box,box,True
box_01_freq_reflect_0ed3a0e8-a653-11ee-9db6-047c16a08772_0-298_80-90.png,box,box,True
box_01_freq_reflect_0ed3a0e8-a653-11ee-9db6-047c16a08772_0-29_80-90.png,box,box,True
box_01_freq_reflect_0ed3a0e8-a653-11ee-9db6-047c16a08772_0-30_80-90.png,box,box,True
box_01_freq_reflect_0ed3a0e8-a653-11ee-9db6-047c16a08772_0-310_80-90.png,box,box,True
box_01_freq_reflect_0ed3a0e8-a653-11ee-9db6-047c16a08772_0-31_80-90.png,box,box,True
box_01_freq_reflect_0ed3a0e8-a653-11ee-9db6-047c16a08772_0-327_80-90.png,box,box,True
box_01_freq_reflect_0ed3a0e8-a653-11ee-9db6-047c16a08772_0-328_80-90.png,box,box,True
box_01_freq_reflect_0ed3a0e8-a653-11ee-9db6-047c16a08772_0-329_80-90.png,box,box,True
box_01_freq_reflect_0ed3a0e8-a653-11ee-9db6-047c16a08772_0-32_80-90.png,box,box,True
box_01_freq_reflect_0ed3a0e8-a653-11ee-9db6-047c16a08772_0-330_80-90.png,box,box,True
box_01_freq_reflect_0ed3a0e8-a653-11ee-9db6-047c16a08772_0-331_80-90.png,box,box,True
box_01_freq_reflect_0ed3a0e8-a653-11ee-9db6-047c16a08772_0-332_80-90.png,box,box,True
box_01_freq_reflect_0ed3a0e8-a653-11ee-9db6-047c16a08772_0-333_80-90.png,box,box,True
box_01_freq_reflect_0ed3a0e8-a653-11ee-9db6-047c16a08772_0-334_80-90.png,box,box,True
box_01_freq_reflect_0ed3a0e8-a653-11ee-9db6-047c16a08772_0-335_80-90.png,box,box,True
box_01_freq_reflect_0ed3a0e8-a653-11ee-9db6-047c16a08772_0-336_80-90.png,box,box,True
box_01_freq_reflect_0ed3a0e8-a653-11ee-9db6-047c16a08772_0-337_80-90.png,box,box,True
box_01_freq_reflect_0ed3a0e8-a653-11ee-9db6-047c16a08772_0-338_80-90.png,box,box,True
box_01_freq_reflect_0ed3a0e8-a653-11ee-9db6-047c16a08772_0-339_80-90.png,box,box,True
box_01_freq_reflect_0ed3a0e8-a653-11ee-9db6-047c16a08772_0-33_80-90.png,box,box,True
box_01_freq_reflect_0ed3a0e8-a653-11ee-9db6-047c16a08772_0-340_80-90.png,box,box,True
box_01_freq_reflect_0ed3a0e8-a653-11ee-9db6-047c16a08772_0-341_80-90.png,box,box,True
box_01_freq_reflect_0ed3a0e8-a653-11ee-9db6-047c16a08772_0-342_80-90.png,box,box,True
box_01_freq_reflect_0ed3a0e8-a653-11ee-9db6-047c16a08772_0-343_80-90.png,box,box,True
box_01_freq_reflect_0ed3a0e8-a653-11ee-9db6-047c16a08772_0-344_80-90.png,box,box,True
box_01_freq_reflect_0ed3a0e8-a653-11ee-9db6-047c16a08772_0-345_80-90.png,box,box,True
box_01_freq_reflect_0ed3a0e8-a653-11ee-9db6-047c16a08772_0-346_80-90.png,box,box,True
box_01_freq_reflect_0ed3a0e8-a653-11ee-9db6-047c16a08772_0-347_80-90.png,box,box,True
box_01_freq_reflect_0ed3a0e8-a653-11ee-9db6-047c16a08772_0-348_80-90.png,box,box,True
box_01_freq_reflect_0ed3a0e8-a653-11ee-9db6-047c16a08772_0-349_80-90.png,box,box,True
box_01_freq_reflect_0ed3a0e8-a653-11ee-9db6-047c16a08772_0-34_80-90.png,box,box,True
box_01_freq_reflect_0ed3a0e8-a653-11ee-9db6-047c16a08772_0-350_80-90.png,box,box,True
box_01_freq_reflect_0ed3a0e8-a653-11ee-9db6-047c16a08772_0-351_80-90.png,box,box,True
box_01_freq_reflect_0ed3a0e8-a653-11ee-9db6-047c16a08772_0-352_80-90.png,box,box,True
box_01_freq_reflect_0ed3a0e8-a653-11ee-9db6-047c16a08772_0-353_80-90.png,box,box,True
box_01_freq_reflect_0ed3a0e8-a653-11ee-9db6-047c16a08772_0-354_80-90.png,box,box,True
box_01_freq_reflect_0ed3a0e8-a653-11ee-9db6-047c16a08772_0-355_80-90.png,box,box,True
box_01_freq_reflect_0ed3a0e8-a653-11ee-9db6-047c16a08772_0-356_80-90.png,box,box,True
box_01_freq_reflect_0ed3a0e8-a653-11ee-9db6-047c16a08772_0-357_80-90.png,box,box,True
box_01_freq_reflect_0ed3a0e8-a653-11ee-9db6-047c16a08772_0-358_80-90.png,box,box,True
box_01_freq_reflect_0ed3a0e8-a653-11ee-9db6-047c16a08772_0-359_80-90.png,box,box,True
box_01_freq_reflect_0ed3a0e8-a653-11ee-9db6-047c16a08772_0-35_80-90.png,box,box,True
box_01_freq_reflect_0ed3a0e8-a653-11ee-9db6-047c16a08772_0-360_80-90.png,box,box,True
box_01_freq_reflect_0ed3a0e8-a653-11ee-9db6-047c16a08772_0-361_80-90.png,box,box,True
box_01_freq_reflect_0ed3a0e8-a653-11ee-9db6-047c16a08772_0-362_80-90.png,box,box,True
box_01_freq_reflect_0ed3a0e8-a653-11ee-9db6-047c16a08772_0-363_80-90.png,box,box,True
box_01_freq_reflect_0ed3a0e8-a653-11ee-9db6-047c16a08772_0-364_80-90.png,box,box,True
box_01_freq_reflect_0ed3a0e8-a653-11ee-9db6-047c16a08772_0-365_80-90.png,box,box,True
box_01_freq_reflect_0ed3a0e8-a653-11ee-9db6-047c16a08772_0-366_80-90.png,box,box,True
box_01_freq_reflect_0ed3a0e8-a653-11ee-9db6-047c16a08772_0-367_80-90.png,box,box,True
box_01_freq_reflect_0ed3a0e8-a653-11ee-9db6-047c16a08772_0-368_80-90.png,box,box,True
box_01_freq_reflect_0ed3a0e8-a653-11ee-9db6-047c16a08772_0-369_80-90.png,box,box,True
box_01_freq_reflect_0ed3a0e8-a653-11ee-9db6-047c16a08772_0-36_80-90.png,box,box,True
box_01_freq_reflect_0ed3a0e8-a653-11ee-9db6-047c16a08772_0-370_80-90.png,box,box,True
box_01_freq_reflect_0ed3a0e8-a653-11ee-9db6-047c16a08772_0-371_80-90.png,box,box,True
box_01_freq_reflect_0ed3a0e8-a653-11ee-9db6-047c16a08772_0-372_80-90.png,box,box,True
box_01_freq_reflect_0ed3a0e8-a653-11ee-9db6-047c16a08772_0-373_80-90.png,box,box,True
box_01_freq_reflect_0ed3a0e8-a653-11ee-9db6-047c16a08772_0-374_80-90.png,box,box,True
box_01_freq_reflect_0ed3a0e8-a653-11ee-9db6-047c16a08772_0-375_80-90.png,box,box,True
box_01_freq_reflect_0ed3a0e8-a653-11ee-9db6-047c16a08772_0-376_80-90.png,box,box,True
box_01_freq_reflect_0ed3a0e8-a653-11ee-9db6-047c16a08772_0-377_80-90.png,box,box,True
box_01_freq_reflect_0ed3a0e8-a653-11ee-9db6-047c16a08772_0-378_80-90.png,box,box,True
box_01_freq_reflect_0ed3a0e8-a653-11ee-9db6-047c16a08772_0-379_80-90.png,box,box,True
box_01_freq_reflect_0ed3a0e8-a653-11ee-9db6-047c16a08772_0-37_80-90.png,box,box,True
box_01_freq_reflect_0ed3a0e8-a653-11ee-9db6-047c16a08772_0-380_80-90.png,box,box,True
box_01_freq_reflect_0ed3a0e8-a653-11ee-9db6-047c16a08772_0-381_80-90.png,box,box,True
box_01_freq_reflect_0ed3a0e8-a653-11ee-9db6-047c16a08772_0-382_80-90.png,box,box,True
box_01_freq_reflect_0ed3a0e8-a653-11ee-9db6-047c16a08772_0-383_80-90.png,box,box,True
box_01_freq_reflect_0ed3a0e8-a653-11ee-9db6-047c16a08772_0-384_80-90.png,box,box,True
box_01_freq_reflect_0ed3a0e8-a653-11ee-9db6-047c16a08772_0-385_80-90.png,box,box,True
box_01_freq_reflect_0ed3a0e8-a653-11ee-9db6-047c16a08772_0-386_80-90.png,box,box,True
box_01_freq_reflect_0ed3a0e8-a653-11ee-9db6-047c16a08772_0-387_80-90.png,box,box,True
box_01_freq_reflect_0ed3a0e8-a653-11ee-9db6-047c16a08772_0-388_80-90.png,box,box,True
box_01_freq_reflect_0ed3a0e8-a653-11ee-9db6-047c16a08772_0-389_80-90.png,box,box,True
box_01_freq_reflect_0ed3a0e8-a653-11ee-9db6-047c16a08772_0-38_80-90.png,box,box,True
box_01_freq_reflect_0ed3a0e8-a653-11ee-9db6-047c16a08772_0-390_80-90.png,box,box,True
box_01_freq_reflect_0ed3a0e8-a653-11ee-9db6-047c16a08772_0-391_80-90.png,box,box,True
box_01_freq_reflect_0ed3a0e8-a653-11ee-9db6-047c16a08772_0-392_80-90.png,box,box,True
box_01_freq_reflect_0ed3a0e8-a653-11ee-9db6-047c16a08772_0-393_80-90.png,box,box,True
box_01_freq_reflect_0ed3a0e8-a653-11ee-9db6-047c16a08772_0-394_80-90.png,box,box,True
box_01_freq_reflect_0ed3a0e8-a653-11ee-9db6-047c16a08772_0-395_80-90.png,box,box,True
box_01_freq_reflect_0ed3a0e8-a653-11ee-9db6-047c16a08772_0-396_80-90.png,box,box,True
box_01_freq_reflect_0ed3a0e8-a653-11ee-9db6-047c16a08772_0-397_80-90.png,box,box,True
box_01_freq_reflect_0ed3a0e8-a653-11ee-9db6-047c16a08772_0-398_80-90.png,box,box,True
box_01_freq_reflect_0ed3a0e8-a653-11ee-9db6-047c16a08772_0-399_80-90.png,box,box,True
box_01_freq_reflect_0ed3a0e8-a653-11ee-9db6-047c16a08772_0-39_80-90.png,box,box,True
box_01_freq_reflect_0ed3a0e8-a653-11ee-9db6-047c16a08772_0-400_80-90.png,box,box,True
box_01_freq_reflect_0ed3a0e8-a653-11ee-9db6-047c16a08772_0-401_80-90.png,box,box,True
box_01_freq_reflect_0ed3a0e8-a653-11ee-9db6-047c16a08772_0-402_80-90.png,box,box,True
box_01_freq_reflect_0ed3a0e8-a653-11ee-9db6-047c16a08772_0-403_80-90.png,box,box,True
box_01_freq_reflect_0ed3a0e8-a653-11ee-9db6-047c16a08772_0-404_80-90.png,box,box,True
box_01_freq_reflect_0ed3a0e8-a653-11ee-9db6-047c16a08772_0-405_80-90.png,box,box,True
box_01_freq_reflect_0ed3a0e8-a653-11ee-9db6-047c16a08772_0-406_80-90.png,box,box,True
box_01_freq_reflect_0ed3a0e8-a653-11ee-9db6-047c16a08772_0-407_80-90.png,box,box,True
box_01_freq_reflect_0ed3a0e8-a653-11ee-9db6-047c16a08772_0-408_80-90.png,box,box,True
box_01_freq_reflect_0ed3a0e8-a653-11ee-9db6-047c16a08772_0-409_80-90.png,box,box,True
box_01_freq_reflect_0ed3a0e8-a653-11ee-9db6-047c16a08772_0-410_80-90.png,box,box,True
box_01_freq_reflect_0ed3a0e8-a653-11ee-9db6-047c16a08772_0-411_80-90.png,box,box,True
box_01_freq_reflect_0ed3a0e8-a653-11ee-9db6-047c16a08772_0-412_80-90.png,box,box,True
box_01_freq_reflect_0ed3a0e8-a653-11ee-9db6-047c16a08772_0-413_80-90.png,box,box,True
box_01_freq_reflect_0ed3a0e8-a653-11ee-9db6-047c16a08772_0-414_80-90.png,box,box,True
box_01_freq_reflect_0ed3a0e8-a653-11ee-9db6-047c16a08772_0-415_80-90.png,box,box,True
box_01_freq_reflect_0ed3a0e8-a653-11ee-9db6-047c16a08772_0-416_80-90.png,box,box,True
box_01_freq_reflect_0ed3a0e8-a653-11ee-9db6-047c16a08772_0-417_80-90.png,box,box,True
box_01_freq_reflect_0ed3a0e8-a653-11ee-9db6-047c16a08772_0-418_80-90.png,box,box,True
box_01_freq_reflect_0ed3a0e8-a653-11ee-9db6-047c16a08772_0-419_80-90.png,box,box,True
box_01_freq_reflect_0ed3a0e8-a653-11ee-9db6-047c16a08772_0-420_80-90.png,box,box,True
box_01_freq_reflect_0ed3a0e8-a653-11ee-9db6-047c16a08772_0-421_80-90.png,box,box,True
box_01_freq_reflect_0ed3a0e8-a653-11ee-9db6-047c16a08772_0-422_80-90.png,box,box,True
box_01_freq_reflect_0ed3a0e8-a653-11ee-9db6-047c16a08772_0-423_80-90.png,box,box,True
box_01_freq_reflect_0ed3a0e8-a653-11ee-9db6-047c16a08772_0-424_80-90.png,box,box,True
box_01_freq_reflect_0ed3a0e8-a653-11ee-9db6-047c16a08772_0-425_80-90.png,box,box,True
box_01_freq_reflect_0ed3a0e8-a653-11ee-9db6-047c16a08772_0-426_80-90.png,box,box,True
box_01_freq_reflect_0ed3a0e8-a653-11ee-9db6-047c16a08772_0-427_80-90.png,box,box,True
box_01_freq_reflect_0ed3a0e8-a653-11ee-9db6-047c16a08772_0-428_80-90.png,box,box,True
box_01_freq_reflect_0ed3a0e8-a653-11ee-9db6-047c16a08772_0-429_80-90.png,box,box,True
box_01_freq_reflect_0ed3a0e8-a653-11ee-9db6-047c16a08772_0-430_80-90.png,box,box,True
box_01_freq_reflect_0ed3a0e8-a653-11ee-9db6-047c16a08772_0-431_80-90.png,box,box,True
box_01_freq_reflect_0ed3a0e8-a653-11ee-9db6-047c16a08772_0-432_80-90.png,box,box,True
box_01_freq_reflect_0ed3a0e8-a653-11ee-9db6-047c16a08772_0-433_80-90.png,box,box,True
box_01_freq_reflect_0ed3a0e8-a653-11ee-9db6-047c16a08772_0-434_80-90.png,box,box,True
box_01_freq_reflect_0ed3a0e8-a653-11ee-9db6-047c16a08772_0-435_80-90.png,box,box,True
box_01_freq_reflect_0ed3a0e8-a653-11ee-9db6-047c16a08772_0-436_80-90.png,box,box,True
box_01_freq_reflect_0ed3a0e8-a653-11ee-9db6-047c16a08772_0-437_80-90.png,box,box,True
box_01_freq_reflect_0ed3a0e8-a653-11ee-9db6-047c16a08772_0-438_80-90.png,box,box,True
box_01_freq_reflect_0ed3a0e8-a653-11ee-9db6-047c16a08772_0-439_80-90.png,box,box,True
box_01_freq_reflect_0ed3a0e8-a653-11ee-9db6-047c16a08772_0-440_80-90.png,box,box,True
box_01_freq_reflect_0ed3a0e8-a653-11ee-9db6-047c16a08772_0-441_80-90.png,box,box,True
box_01_freq_reflect_0ed3a0e8-a653-11ee-9db6-047c16a08772_0-442_80-90.png,box,box,True
box_01_freq_reflect_0ed3a0e8-a653-11ee-9db6-047c16a08772_0-443_80-90.png,box,box,True
box_01_freq_reflect_0ed3a0e8-a653-11ee-9db6-047c16a08772_0-444_80-90.png,box,box,True
box_01_freq_reflect_0ed3a0e8-a653-11ee-9db6-047c16a08772_0-445_80-90.png,box,box,True
box_01_freq_reflect_0ed3a0e8-a653-11ee-9db6-047c16a08772_0-446_80-90.png,box,box,True
box_01_freq_reflect_0ed3a0e8-a653-11ee-9db6-047c16a08772_0-447_80-90.png,box,box,True
box_01_freq_reflect_0ed3a0e8-a653-11ee-9db6-047c16a08772_0-448_80-90.png,box,box,True
box_01_freq_reflect_0ed3a0e8-a653-11ee-9db6-047c16a08772_0-449_80-90.png,box,box,True
box_01_freq_reflect_0ed3a0e8-a653-11ee-9db6-047c16a08772_0-450_80-90.png,box,box,True
box_01_freq_reflect_0ed3a0e8-a653-11ee-9db6-047c16a08772_0-451_80-90.png,box,box,True
box_01_freq_reflect_0ed3a0e8-a653-11ee-9db6-047c16a08772_0-452_80-90.png,box,box,True
box_01_freq_reflect_0ed3a0e8-a653-11ee-9db6-047c16a08772_0-453_80-90.png,box,box,True
box_01_freq_reflect_0ed3a0e8-a653-11ee-9db6-047c16a08772_0-454_80-90.png,box,box,True
box_01_freq_reflect_0ed3a0e8-a653-11ee-9db6-047c16a08772_0-455_80-90.png,box,box,True
box_01_freq_reflect_0ed3a0e8-a653-11ee-9db6-047c16a08772_0-456_80-90.png,box,box,True
box_01_freq_reflect_0ed3a0e8-a653-11ee-9db6-047c16a08772_0-457_80-90.png,box,box,True
box_01_freq_reflect_0ed3a0e8-a653-11ee-9db6-047c16a08772_0-458_80-90.png,box,box,True
box_01_freq_reflect_0ed3a0e8-a653-11ee-9db6-047c16a08772_0-459_80-90.png,box,box,True
box_01_freq_reflect_0ed3a0e8-a653-11ee-9db6-047c16a08772_0-460_80-90.png,box,box,True
box_01_freq_reflect_0ed3a0e8-a653-11ee-9db6-047c16a08772_0-461_80-90.png,box,box,True
box_01_freq_reflect_0ed3a0e8-a653-11ee-9db6-047c16a08772_0-462_80-90.png,box,box,True
box_01_freq_reflect_0ed3a0e8-a653-11ee-9db6-047c16a08772_0-463_80-90.png,box,box,True
box_01_freq_reflect_0ed3a0e8-a653-11ee-9db6-047c16a08772_0-464_80-90.png,box,box,True
box_01_freq_reflect_0ed3a0e8-a653-11ee-9db6-047c16a08772_0-465_80-90.png,box,box,True
box_01_freq_reflect_0ed3a0e8-a653-11ee-9db6-047c16a08772_0-466_80-90.png,box,box,True
box_01_freq_reflect_0ed3a0e8-a653-11ee-9db6-047c16a08772_0-467_80-90.png,box,box,True
box_01_freq_reflect_0ed3a0e8-a653-11ee-9db6-047c16a08772_0-468_80-90.png,box,box,True
box_01_freq_reflect_0ed3a0e8-a653-11ee-9db6-047c16a08772_0-469_80-90.png,box,box,True
box_01_freq_reflect_0ed3a0e8-a653-11ee-9db6-047c16a08772_0-470_80-90.png,box,box,True
box_01_freq_reflect_0ed3a0e8-a653-11ee-9db6-047c16a08772_0-471_80-90.png,box,box,True
box_01_freq_reflect_0ed3a0e8-a653-11ee-9db6-047c16a08772_0-472_80-90.png,box,box,True
box_01_freq_reflect_0ed3a0e8-a653-11ee-9db6-047c16a08772_0-473_80-90.png,box,box,True
box_01_freq_reflect_0ed3a0e8-a653-11ee-9db6-047c16a08772_0-474_80-90.png,box,box,True
box_01_freq_reflect_0ed3a0e8-a653-11ee-9db6-047c16a08772_0-475_80-90.png,box,box,True
box_01_freq_reflect_0ed3a0e8-a653-11ee-9db6-047c16a08772_0-476_80-90.png,box,box,True
box_01_freq_reflect_0ed3a0e8-a653-11ee-9db6-047c16a08772_0-477_80-90.png,box,box,True
box_01_freq_reflect_0ed3a0e8-a653-11ee-9db6-047c16a08772_0-478_80-90.png,box,box,True
box_01_freq_reflect_0ed3a0e8-a653-11ee-9db6-047c16a08772_0-479_80-90.png,box,box,True
box_01_freq_reflect_0ed3a0e8-a653-11ee-9db6-047c16a08772_0-480_80-90.png,box,box,True
box_01_freq_reflect_0ed3a0e8-a653-11ee-9db6-047c16a08772_0-481_80-90.png,box,box,True
box_01_freq_reflect_0ed3a0e8-a653-11ee-9db6-047c16a08772_0-482_80-90.png,box,box,True
box_01_freq_reflect_0ed3a0e8-a653-11ee-9db6-047c16a08772_0-483_80-90.png,box,box,True
box_01_freq_reflect_0ed3a0e8-a653-11ee-9db6-047c16a08772_0-484_80-90.png,box,box,True
box_01_freq_reflect_0ed3a0e8-a653-11ee-9db6-047c16a08772_0-485_80-90.png,box,box,True
box_01_freq_reflect_0ed3a0e8-a653-11ee-9db6-047c16a08772_0-486_80-90.png,box,box,True
box_01_freq_reflect_0ed3a0e8-a653-11ee-9db6-047c16a08772_0-487_80-90.png,box,box,True
box_01_freq_reflect_0ed3a0e8-a653-11ee-9db6-047c16a08772_0-488_80-90.png,box,box,True
box_01_freq_reflect_0ed3a0e8-a653-11ee-9db6-047c16a08772_0-489_80-90.png,box,box,True
box_01_freq_reflect_0ed3a0e8-a653-11ee-9db6-047c16a08772_0-490_80-90.png,box,box,True
box_01_freq_reflect_0ed3a0e8-a653-11ee-9db6-047c16a08772_0-491_80-90.png,box,box,True
box_01_freq_reflect_0ed3a0e8-a653-11ee-9db6-047c16a08772_0-492_80-90.png,box,box,True
box_01_freq_reflect_0ed3a0e8-a653-11ee-9db6-047c16a08772_0-493_80-90.png,box,box,True
box_01_freq_reflect_0ed3a0e8-a653-11ee-9db6-047c16a08772_0-494_80-90.png,box,box,True
box_01_freq_reflect_0ed3a0e8-a653-11ee-9db6-047c16a08772_0-495_80-90.png,box,box,True
box_01_freq_reflect_0ed3a0e8-a653-11ee-9db6-047c16a08772_0-496_80-90.png,box,box,True
box_01_freq_reflect_0ed3a0e8-a653-11ee-9db6-047c16a08772_0-497_80-90.png,box,box,True
box_01_freq_reflect_0ed3a0e8-a653-11ee-9db6-047c16a08772_0-498_80-90.png,box,box,True
box_01_freq_reflect_0ed3a0e8-a653-11ee-9db6-047c16a08772_0-499_80-90.png,box,box,True
box_01_freq_reflect_0ed3a0e8-a653-11ee-9db6-047c16a08772_0-500_80-90.png,box,box,True
box_01_freq_reflect_0ed3a0e8-a653-11ee-9db6-047c16a08772_0-501_80-90.png,box,box,True
box_01_freq_reflect_0ed3a0e8-a653-11ee-9db6-047c16a08772_0-502_80-90.png,box,box,True
box_01_freq_reflect_0ed3a0e8-a653-11ee-9db6-047c16a08772_0-503_80-90.png,box,box,True
box_01_freq_reflect_0ed3a0e8-a653-11ee-9db6-047c16a08772_0-504_80-90.png,box,box,True
box_01_freq_reflect_0ed3a0e8-a653-11ee-9db6-047c16a08772_0-505_80-90.png,box,box,True
box_01_freq_reflect_0ed3a0e8-a653-11ee-9db6-047c16a08772_0-506_80-90.png,box,box,True
box_01_freq_reflect_0ed3a0e8-a653-11ee-9db6-047c16a08772_0-507_80-90.png,box,box,True
box_01_freq_reflect_0ed3a0e8-a653-11ee-9db6-047c16a08772_0-508_80-90.png,box,box,True
box_01_freq_reflect_0ed3a0e8-a653-11ee-9db6-047c16a08772_0-509_80-90.png,box,box,True
box_01_freq_reflect_0ed3a0e8-a653-11ee-9db6-047c16a08772_0-510_80-90.png,box,box,True
box_01_freq_reflect_0ed3a0e8-a653-11ee-9db6-047c16a08772_0-511_80-90.png,box,box,True
box_01_freq_reflect_0ed3a0e8-a653-11ee-9db6-047c16a08772_0-512_80-90.png,box,box,True
box_01_freq_reflect_0ed3a0e8-a653-11ee-9db6-047c16a08772_0-513_80-90.png,box,box,True
box_01_freq_reflect_0ed3a0e8-a653-11ee-9db6-047c16a08772_0-514_80-90.png,box,box,True
box_01_freq_reflect_0ed3a0e8-a653-11ee-9db6-047c16a08772_0-515_80-90.png,box,box,True
box_01_freq_reflect_0ed3a0e8-a653-11ee-9db6-047c16a08772_0-516_80-90.png,box,box,True
box_01_freq_reflect_0ed3a0e8-a653-11ee-9db6-047c16a08772_0-517_80-90.png,box,box,True
box_01_freq_reflect_0ed3a0e8-a653-11ee-9db6-047c16a08772_0-518_80-90.png,box,box,True
box_01_freq_reflect_0ed3a0e8-a653-11ee-9db6-047c16a08772_0-519_80-90.png,box,box,True
box_01_freq_reflect_0ed3a0e8-a653-11ee-9db6-047c16a08772_0-520_80-90.png,box,box,True
box_01_freq_reflect_0ed3a0e8-a653-11ee-9db6-047c16a08772_0-521_80-90.png,box,box,True
box_01_freq_reflect_0ed3a0e8-a653-11ee-9db6-047c16a08772_0-522_80-90.png,box,box,True
box_01_freq_reflect_0ed3a0e8-a653-11ee-9db6-047c16a08772_0-523_80-90.png,box,box,True
box_01_freq_reflect_0ed3a0e8-a653-11ee-9db6-047c16a08772_0-524_80-90.png,box,box,True
box_01_freq_reflect_0ed3a0e8-a653-11ee-9db6-047c16a08772_0-525_80-90.png,box,box,True
box_01_freq_reflect_0ed3a0e8-a653-11ee-9db6-047c16a08772_0-526_80-90.png,box,box,True
box_01_freq_reflect_0ed3a0e8-a653-11ee-9db6-047c16a08772_0-527_80-90.png,box,box,True
box_01_freq_reflect_0ed3a0e8-a653-11ee-9db6-047c16a08772_0-528_80-90.png,box,box,True
box_01_freq_reflect_0ed3a0e8-a653-11ee-9db6-047c16a08772_0-529_80-90.png,box,box,True
box_01_freq_reflect_0ed3a0e8-a653-11ee-9db6-047c16a08772_0-530_80-90.png,box,box,True
box_01_freq_reflect_0ed3a0e8-a653-11ee-9db6-047c16a08772_0-531_80-90.png,box,box,True
box_01_freq_reflect_0ed3a0e8-a653-11ee-9db6-047c16a08772_0-532_80-90.png,box,box,True
box_01_freq_reflect_0ed3a0e8-a653-11ee-9db6-047c16a08772_0-533_80-90.png,box,box,True
box_01_freq_reflect_0ed3a0e8-a653-11ee-9db6-047c16a08772_0-534_80-90.png,box,box,True
box_01_freq_reflect_0ed3a0e8-a653-11ee-9db6-047c16a08772_0-535_80-90.png,box,box,True
box_01_freq_reflect_0ed3a0e8-a653-11ee-9db6-047c16a08772_0-536_80-90.png,box,box,True
box_01_freq_reflect_0ed3a0e8-a653-11ee-9db6-047c16a08772_0-537_80-90.png,box,box,True
box_01_freq_reflect_0ed3a0e8-a653-11ee-9db6-047c16a08772_0-538_80-90.png,box,box,True
box_01_freq_reflect_0ed3a0e8-a653-11ee-9db6-047c16a08772_0-539_80-90.png,box,box,True
box_01_freq_reflect_0ed3a0e8-a653-11ee-9db6-047c16a08772_0-540_80-90.png,box,box,True
box_01_freq_reflect_0ed3a0e8-a653-11ee-9db6-047c16a08772_0-541_80-90.png,box,box,True
box_01_freq_reflect_0ed3a0e8-a653-11ee-9db6-047c16a08772_0-542_80-90.png,box,box,True
box_01_freq_reflect_0ed3a0e8-a653-11ee-9db6-047c16a08772_0-543_80-90.png,box,box,True
box_01_freq_reflect_0ed3a0e8-a653-11ee-9db6-047c16a08772_0-544_80-90.png,box,box,True
box_01_freq_reflect_0ed3a0e8-a653-11ee-9db6-047c16a08772_0-545_80-90.png,box,box,True
box_01_freq_reflect_0ed3a0e8-a653-11ee-9db6-047c16a08772_0-546_80-90.png,box,box,True
box_01_freq_reflect_0ed3a0e8-a653-11ee-9db6-047c16a08772_0-547_80-90.png,box,box,True
box_01_freq_reflect_0ed3a0e8-a653-11ee-9db6-047c16a08772_0-548_80-90.png,box,box,True
box_01_freq_reflect_0ed3a0e8-a653-11ee-9db6-047c16a08772_0-549_80-90.png,box,box,True
box_01_freq_reflect_0ed3a0e8-a653-11ee-9db6-047c16a08772_0-550_80-90.png,box,box,True
box_01_freq_reflect_0ed3a0e8-a653-11ee-9db6-047c16a08772_0-551_80-90.png,box,box,True
box_01_freq_reflect_0ed3a0e8-a653-11ee-9db6-047c16a08772_0-552_80-90.png,box,box,True
box_01_freq_reflect_0ed3a0e8-a653-11ee-9db6-047c16a08772_0-553_80-90.png,box,box,True
box_01_freq_reflect_0ed3a0e8-a653-11ee-9db6-047c16a08772_0-554_80-90.png,box,box,True
box_01_freq_reflect_0ed3a0e8-a653-11ee-9db6-047c16a08772_0-555_80-90.png,box,box,True
box_01_freq_reflect_0ed3a0e8-a653-11ee-9db6-047c16a08772_0-556_80-90.png,box,box,True
box_01_freq_reflect_0ed3a0e8-a653-11ee-9db6-047c16a08772_0-557_80-90.png,box,box,True
box_01_freq_reflect_0ed3a0e8-a653-11ee-9db6-047c16a08772_0-558_80-90.png,box,box,True
box_01_freq_reflect_0ed3a0e8-a653-11ee-9db6-047c16a08772_0-559_80-90.png,box,box,True
box_01_freq_reflect_0ed3a0e8-a653-11ee-9db6-047c16a08772_0-55_80-90.png,box,box,True
box_01_freq_reflect_0ed3a0e8-a653-11ee-9db6-047c16a08772_0-560_80-90.png,box,box,True
box_01_freq_reflect_0ed3a0e8-a653-11ee-9db6-047c16a08772_0-561_80-90.png,box,box,True
box_01_freq_reflect_0ed3a0e8-a653-11ee-9db6-047c16a08772_0-562_80-90.png,box,box,True
box_01_freq_reflect_0ed3a0e8-a653-11ee-9db6-047c16a08772_0-563_80-90.png,box,box,True
box_01_freq_reflect_0ed3a0e8-a653-11ee-9db6-047c16a08772_0-564_80-90.png,box,box,True
box_01_freq_reflect_0ed3a0e8-a653-11ee-9db6-047c16a08772_0-565_80-90.png,box,box,True
box_01_freq_reflect_0ed3a0e8-a653-11ee-9db6-047c16a08772_0-566_80-90.png,box,box,True
box_01_freq_reflect_0ed3a0e8-a653-11ee-9db6-047c16a08772_0-567_80-90.png,box,box,True
box_01_freq_reflect_0ed3a0e8-a653-11ee-9db6-047c16a08772_0-568_80-90.png,box,box,True
box_01_freq_reflect_0ed3a0e8-a653-11ee-9db6-047c16a08772_0-569_80-90.png,box,box,True
box_01_freq_reflect_0ed3a0e8-a653-11ee-9db6-047c16a08772_0-570_80-90.png,box,box,True
box_01_freq_reflect_0ed3a0e8-a653-11ee-9db6-047c16a08772_0-571_80-90.png,box,box,True
box_01_freq_reflect_0ed3a0e8-a653-11ee-9db6-047c16a08772_0-572_80-90.png,box,box,True
box_01_freq_reflect_0ed3a0e8-a653-11ee-9db6-047c16a08772_0-573_80-90.png,box,box,True
box_01_freq_reflect_0ed3a0e8-a653-11ee-9db6-047c16a08772_0-574_80-90.png,box,box,True
box_01_freq_reflect_0ed3a0e8-a653-11ee-9db6-047c16a08772_0-575_80-90.png,box,box,True
box_01_freq_reflect_0ed3a0e8-a653-11ee-9db6-047c16a08772_0-576_80-90.png,box,box,True
box_01_freq_reflect_0ed3a0e8-a653-11ee-9db6-047c16a08772_0-577_80-90.png,box,box,True
box_01_freq_reflect_0ed3a0e8-a653-11ee-9db6-047c16a08772_0-578_80-90.png,box,box,True
box_01_freq_reflect_0ed3a0e8-a653-11ee-9db6-047c16a08772_0-579_80-90.png,box,box,True
box_01_freq_reflect_0ed3a0e8-a653-11ee-9db6-047c16a08772_0-580_80-90.png,box,box,True
box_01_freq_reflect_0ed3a0e8-a653-11ee-9db6-047c16a08772_0-581_80-90.png,box,box,True
box_01_freq_reflect_0ed3a0e8-a653-11ee-9db6-047c16a08772_0-582_80-90.png,box,box,True
box_01_freq_reflect_0ed3a0e8-a653-11ee-9db6-047c16a08772_0-583_80-90.png,box,box,True
box_01_freq_reflect_0ed3a0e8-a653-11ee-9db6-047c16a08772_0-584_80-90.png,box,box,True
box_01_freq_reflect_0ed3a0e8-a653-11ee-9db6-047c16a08772_0-585_80-90.png,box,box,True
box_01_freq_reflect_0ed3a0e8-a653-11ee-9db6-047c16a08772_0-586_80-90.png,box,box,True
box_01_freq_reflect_0ed3a0e8-a653-11ee-9db6-047c16a08772_0-587_80-90.png,box,box,True
box_01_freq_reflect_0ed3a0e8-a653-11ee-9db6-047c16a08772_0-588_80-90.png,box,box,True
box_01_freq_reflect_0ed3a0e8-a653-11ee-9db6-047c16a08772_0-589_80-90.png,box,box,True
box_01_freq_reflect_0ed3a0e8-a653-11ee-9db6-047c16a08772_0-590_80-90.png,box,box,True
box_01_freq_reflect_0ed3a0e8-a653-11ee-9db6-047c16a08772_0-591_80-90.png,box,box,True
box_01_freq_reflect_0ed3a0e8-a653-11ee-9db6-047c16a08772_0-592_80-90.png,box,box,True
box_01_freq_reflect_0ed3a0e8-a653-11ee-9db6-047c16a08772_0-593_80-90.png,box,box,True
box_01_freq_reflect_0ed3a0e8-a653-11ee-9db6-047c16a08772_0-594_80-90.png,box,box,True
box_01_freq_reflect_0ed3a0e8-a653-11ee-9db6-047c16a08772_0-595_80-90.png,box,box,True
box_01_freq_reflect_0ed3a0e8-a653-11ee-9db6-047c16a08772_0-596_80-90.png,box,box,True
box_01_freq_reflect_0ed3a0e8-a653-11ee-9db6-047c16a08772_0-597_80-90.png,box,box,True
box_01_freq_reflect_0ed3a0e8-a653-11ee-9db6-047c16a08772_0-598_80-90.png,box,box,True
box_01_freq_reflect_0ed3a0e8-a653-11ee-9db6-047c16a08772_0-599_80-90.png,box,box,True
box_01_freq_reflect_0ed3a0e8-a653-11ee-9db6-047c16a08772_0-70_80-90.png,box,box,True
box_01_freq_reflect_0ed3a0e8-a653-11ee-9db6-047c16a08772_0-84_80-90.png,box,box,True
box_01_freq_reflect_0ed3a0e8-a653-11ee-9db6-047c16a08772_0-85_80-90.png,box,box,True
box_01_freq_reflect_0ed3a0e8-a653-11ee-9db6-047c16a08772_0-86_80-90.png,box,box,True
box_01_freq_reflect_0ed3a0e8-a653-11ee-9db6-047c16a08772_0-87_80-90.png,box,box,True
box_01_freq_reflect_0ed3a0e8-a653-11ee-9db6-047c16a08772_0-88_80-90.png,box,box,True
box_01_freq_reflect_0ed3a0e8-a653-11ee-9db6-047c16a08772_0-89_80-90.png,box,box,True
box_01_freq_reflect_0ed3a0e8-a653-11ee-9db6-047c16a08772_0-90_80-90.png,box,box,True
box_01_freq_reflect_2a1a6b92-ea35-11ee-b922-047c16a08772_0-0_80-90.png,box,box,True
box_01_freq_reflect_2a1a6b92-ea35-11ee-b922-047c16a08772_0-100_80-90.png,box,box,True
box_01_freq_reflect_2a1a6b92-ea35-11ee-b922-047c16a08772_0-101_80-90.png,box,box,True
box_01_freq_reflect_2a1a6b92-ea35-11ee-b922-047c16a08772_0-102_80-90.png,box,box,True
box_01_freq_reflect_2a1a6b92-ea35-11ee-b922-047c16a08772_0-103_80-90.png,box,box,True
box_01_freq_reflect_2a1a6b92-ea35-11ee-b922-047c16a08772_0-104_80-90.png,box,box,True
box_01_freq_reflect_2a1a6b92-ea35-11ee-b922-047c16a08772_0-105_80-90.png,box,box,True
box_01_freq_reflect_2a1a6b92-ea35-11ee-b922-047c16a08772_0-106_80-90.png,box,box,True
box_01_freq_reflect_2a1a6b92-ea35-11ee-b922-047c16a08772_0-107_80-90.png,box,box,True
box_01_freq_reflect_2a1a6b92-ea35-11ee-b922-047c16a08772_0-108_80-90.png,box,box,True
box_01_freq_reflect_2a1a6b92-ea35-11ee-b922-047c16a08772_0-109_80-90.png,box,box,True
box_01_freq_reflect_2a1a6b92-ea35-11ee-b922-047c16a08772_0-10_80-90.png,box,circle,False
box_01_freq_reflect_2a1a6b92-ea35-11ee-b922-047c16a08772_0-110_80-90.png,box,box,True
box_01_freq_reflect_2a1a6b92-ea35-11ee-b922-047c16a08772_0-111_80-90.png,box,box,True
box_01_freq_reflect_2a1a6b92-ea35-11ee-b922-047c16a08772_0-112_80-90.png,box,box,True
box_01_freq_reflect_2a1a6b92-ea35-11ee-b922-047c16a08772_0-113_80-90.png,box,box,True
box_01_freq_reflect_2a1a6b92-ea35-11ee-b922-047c16a08772_0-114_80-90.png,box,box,True
box_01_freq_reflect_2a1a6b92-ea35-11ee-b922-047c16a08772_0-115_80-90.png,box,circle,False
box_01_freq_reflect_2a1a6b92-ea35-11ee-b922-047c16a08772_0-116_80-90.png,box,box,True
box_01_freq_reflect_2a1a6b92-ea35-11ee-b922-047c16a08772_0-117_80-90.png,box,box,True
box_01_freq_reflect_2a1a6b92-ea35-11ee-b922-047c16a08772_0-118_80-90.png,box,box,True
box_01_freq_reflect_2a1a6b92-ea35-11ee-b922-047c16a08772_0-119_80-90.png,box,circle,False
box_01_freq_reflect_2a1a6b92-ea35-11ee-b922-047c16a08772_0-11_80-90.png,box,box,True
box_01_freq_reflect_2a1a6b92-ea35-11ee-b922-047c16a08772_0-120_80-90.png,box,box,True
box_01_freq_reflect_2a1a6b92-ea35-11ee-b922-047c16a08772_0-121_80-90.png,box,box,True
box_01_freq_reflect_2a1a6b92-ea35-11ee-b922-047c16a08772_0-122_80-90.png,box,box,True
box_01_freq_reflect_2a1a6b92-ea35-11ee-b922-047c16a08772_0-123_80-90.png,box,box,True
box_01_freq_reflect_2a1a6b92-ea35-11ee-b922-047c16a08772_0-124_80-90.png,box,box,True
box_01_freq_reflect_2a1a6b92-ea35-11ee-b922-047c16a08772_0-125_80-90.png,box,box,True
box_01_freq_reflect_2a1a6b92-ea35-11ee-b922-047c16a08772_0-126_80-90.png,box,box,True
box_01_freq_reflect_2a1a6b92-ea35-11ee-b922-047c16a08772_0-127_80-90.png,box,box,True
box_01_freq_reflect_2a1a6b92-ea35-11ee-b922-047c16a08772_0-128_80-90.png,box,box,True
box_01_freq_reflect_2a1a6b92-ea35-11ee-b922-047c16a08772_0-129_80-90.png,box,box,True
box_01_freq_reflect_2a1a6b92-ea35-11ee-b922-047c16a08772_0-12_80-90.png,box,box,True
box_01_freq_reflect_2a1a6b92-ea35-11ee-b922-047c16a08772_0-130_80-90.png,box,box,True
box_01_freq_reflect_2a1a6b92-ea35-11ee-b922-047c16a08772_0-131_80-90.png,box,box,True
box_01_freq_reflect_2a1a6b92-ea35-11ee-b922-047c16a08772_0-132_80-90.png,box,box,True
box_01_freq_reflect_2a1a6b92-ea35-11ee-b922-047c16a08772_0-133_80-90.png,box,box,True
box_01_freq_reflect_2a1a6b92-ea35-11ee-b922-047c16a08772_0-134_80-90.png,box,box,True
box_01_freq_reflect_2a1a6b92-ea35-11ee-b922-047c16a08772_0-135_80-90.png,box,circle,False
box_01_freq_reflect_2a1a6b92-ea35-11ee-b922-047c16a08772_0-136_80-90.png,box,box,True
box_01_freq_reflect_2a1a6b92-ea35-11ee-b922-047c16a08772_0-137_80-90.png,box,box,True
box_01_freq_reflect_2a1a6b92-ea35-11ee-b922-047c16a08772_0-138_80-90.png,box,box,True
box_01_freq_reflect_2a1a6b92-ea35-11ee-b922-047c16a08772_0-139_80-90.png,box,box,True
box_01_freq_reflect_2a1a6b92-ea35-11ee-b922-047c16a08772_0-13_80-90.png,box,circle,False
box_01_freq_reflect_2a1a6b92-ea35-11ee-b922-047c16a08772_0-140_80-90.png,box,box,True
box_01_freq_reflect_2a1a6b92-ea35-11ee-b922-047c16a08772_0-141_80-90.png,box,box,True
box_01_freq_reflect_2a1a6b92-ea35-11ee-b922-047c16a08772_0-142_80-90.png,box,box,True
box_01_freq_reflect_2a1a6b92-ea35-11ee-b922-047c16a08772_0-143_80-90.png,box,box,True
box_01_freq_reflect_2a1a6b92-ea35-11ee-b922-047c16a08772_0-144_80-90.png,box,circle,False
box_01_freq_reflect_2a1a6b92-ea35-11ee-b922-047c16a08772_0-145_80-90.png,box,box,True
box_01_freq_reflect_2a1a6b92-ea35-11ee-b922-047c16a08772_0-146_80-90.png,box,box,True
box_01_freq_reflect_2a1a6b92-ea35-11ee-b922-047c16a08772_0-147_80-90.png,box,box,True
box_01_freq_reflect_2a1a6b92-ea35-11ee-b922-047c16a08772_0-148_80-90.png,box,box,True
box_01_freq_reflect_2a1a6b92-ea35-11ee-b922-047c16a08772_0-149_80-90.png,box,box,True
box_01_freq_reflect_2a1a6b92-ea35-11ee-b922-047c16a08772_0-14_80-90.png,box,box,True
box_01_freq_reflect_2a1a6b92-ea35-11ee-b922-047c16a08772_0-150_80-90.png,box,box,True
box_01_freq_reflect_2a1a6b92-ea35-11ee-b922-047c16a08772_0-151_80-90.png,box,box,True
box_01_freq_reflect_2a1a6b92-ea35-11ee-b922-047c16a08772_0-152_80-90.png,box,box,True
box_01_freq_reflect_2a1a6b92-ea35-11ee-b922-047c16a08772_0-153_80-90.png,box,box,True
box_01_freq_reflect_2a1a6b92-ea35-11ee-b922-047c16a08772_0-154_80-90.png,box,box,True
box_01_freq_reflect_2a1a6b92-ea35-11ee-b922-047c16a08772_0-155_80-90.png,box,box,True
box_01_freq_reflect_2a1a6b92-ea35-11ee-b922-047c16a08772_0-156_80-90.png,box,box,True
box_01_freq_reflect_2a1a6b92-ea35-11ee-b922-047c16a08772_0-157_80-90.png,box,box,True
box_01_freq_reflect_2a1a6b92-ea35-11ee-b922-047c16a08772_0-158_80-90.png,box,box,True
box_01_freq_reflect_2a1a6b92-ea35-11ee-b922-047c16a08772_0-159_80-90.png,box,box,True
box_01_freq_reflect_2a1a6b92-ea35-11ee-b922-047c16a08772_0-15_80-90.png,box,box,True
box_01_freq_reflect_2a1a6b92-ea35-11ee-b922-047c16a08772_0-160_80-90.png,box,box,True
box_01_freq_reflect_2a1a6b92-ea35-11ee-b922-047c16a08772_0-161_80-90.png,box,box,True
box_01_freq_reflect_2a1a6b92-ea35-11ee-b922-047c16a08772_0-162_80-90.png,box,box,True
box_01_freq_reflect_2a1a6b92-ea35-11ee-b922-047c16a08772_0-163_80-90.png,box,box,True
box_01_freq_reflect_2a1a6b92-ea35-11ee-b922-047c16a08772_0-164_80-90.png,box,box,True
box_01_freq_reflect_2a1a6b92-ea35-11ee-b922-047c16a08772_0-165_80-90.png,box,box,True
box_01_freq_reflect_2a1a6b92-ea35-11ee-b922-047c16a08772_0-166_80-90.png,box,box,True
box_01_freq_reflect_2a1a6b92-ea35-11ee-b922-047c16a08772_0-167_80-90.png,box,box,True
box_01_freq_reflect_2a1a6b92-ea35-11ee-b922-047c16a08772_0-168_80-90.png,box,box,True
box_01_freq_reflect_2a1a6b92-ea35-11ee-b922-047c16a08772_0-169_80-90.png,box,box,True
box_01_freq_reflect_2a1a6b92-ea35-11ee-b922-047c16a08772_0-16_80-90.png,box,box,True
box_01_freq_reflect_2a1a6b92-ea35-11ee-b922-047c16a08772_0-170_80-90.png,box,box,True
box_01_freq_reflect_2a1a6b92-ea35-11ee-b922-047c16a08772_0-171_80-90.png,box,box,True
box_01_freq_reflect_2a1a6b92-ea35-11ee-b922-047c16a08772_0-172_80-90.png,box,box,True
box_01_freq_reflect_2a1a6b92-ea35-11ee-b922-047c16a08772_0-173_80-90.png,box,box,True
box_01_freq_reflect_2a1a6b92-ea35-11ee-b922-047c16a08772_0-174_80-90.png,box,box,True
box_01_freq_reflect_2a1a6b92-ea35-11ee-b922-047c16a08772_0-175_80-90.png,box,box,True
box_01_freq_reflect_2a1a6b92-ea35-11ee-b922-047c16a08772_0-176_80-90.png,box,box,True
box_01_freq_reflect_2a1a6b92-ea35-11ee-b922-047c16a08772_0-177_80-90.png,box,box,True
box_01_freq_reflect_2a1a6b92-ea35-11ee-b922-047c16a08772_0-178_80-90.png,box,box,True
box_01_freq_reflect_2a1a6b92-ea35-11ee-b922-047c16a08772_0-179_80-90.png,box,box,True
box_01_freq_reflect_2a1a6b92-ea35-11ee-b922-047c16a08772_0-17_80-90.png,box,circle,False
box_01_freq_reflect_2a1a6b92-ea35-11ee-b922-047c16a08772_0-180_80-90.png,box,box,True
box_01_freq_reflect_2a1a6b92-ea35-11ee-b922-047c16a08772_0-181_80-90.png,box,box,True
box_01_freq_reflect_2a1a6b92-ea35-11ee-b922-047c16a08772_0-182_80-90.png,box,box,True
box_01_freq_reflect_2a1a6b92-ea35-11ee-b922-047c16a08772_0-183_80-90.png,box,box,True
box_01_freq_reflect_2a1a6b92-ea35-11ee-b922-047c16a08772_0-184_80-90.png,box,box,True
box_01_freq_reflect_2a1a6b92-ea35-11ee-b922-047c16a08772_0-185_80-90.png,box,box,True
box_01_freq_reflect_2a1a6b92-ea35-11ee-b922-047c16a08772_0-186_80-90.png,box,box,True
box_01_freq_reflect_2a1a6b92-ea35-11ee-b922-047c16a08772_0-187_80-90.png,box,box,True
box_01_freq_reflect_2a1a6b92-ea35-11ee-b922-047c16a08772_0-188_80-90.png,box,box,True
box_01_freq_reflect_2a1a6b92-ea35-11ee-b922-047c16a08772_0-189_80-90.png,box,box,True
box_01_freq_reflect_2a1a6b92-ea35-11ee-b922-047c16a08772_0-18_80-90.png,box,box,True
box_01_freq_reflect_2a1a6b92-ea35-11ee-b922-047c16a08772_0-190_80-90.png,box,box,True
box_01_freq_reflect_2a1a6b92-ea35-11ee-b922-047c16a08772_0-191_80-90.png,box,box,True
box_01_freq_reflect_2a1a6b92-ea35-11ee-b922-047c16a08772_0-192_80-90.png,box,box,True
box_01_freq_reflect_2a1a6b92-ea35-11ee-b922-047c16a08772_0-193_80-90.png,box,box,True
box_01_freq_reflect_2a1a6b92-ea35-11ee-b922-047c16a08772_0-194_80-90.png,box,box,True
box_01_freq_reflect_2a1a6b92-ea35-11ee-b922-047c16a08772_0-195_80-90.png,box,box,True
box_01_freq_reflect_2a1a6b92-ea35-11ee-b922-047c16a08772_0-196_80-90.png,box,box,True
box_01_freq_reflect_2a1a6b92-ea35-11ee-b922-047c16a08772_0-197_80-90.png,box,box,True
box_01_freq_reflect_2a1a6b92-ea35-11ee-b922-047c16a08772_0-198_80-90.png,box,box,True
box_01_freq_reflect_2a1a6b92-ea35-11ee-b922-047c16a08772_0-199_80-90.png,box,box,True
box_01_freq_reflect_2a1a6b92-ea35-11ee-b922-047c16a08772_0-19_80-90.png,box,box,True
box_01_freq_reflect_2a1a6b92-ea35-11ee-b922-047c16a08772_0-1_80-90.png,box,box,True
box_01_freq_reflect_2a1a6b92-ea35-11ee-b922-047c16a08772_0-200_80-90.png,box,box,True
box_01_freq_reflect_2a1a6b92-ea35-11ee-b922-047c16a08772_0-201_80-90.png,box,box,True
box_01_freq_reflect_2a1a6b92-ea35-11ee-b922-047c16a08772_0-202_80-90.png,box,box,True
box_01_freq_reflect_2a1a6b92-ea35-11ee-b922-047c16a08772_0-203_80-90.png,box,box,True
box_01_freq_reflect_2a1a6b92-ea35-11ee-b922-047c16a08772_0-204_80-90.png,box,box,True
box_01_freq_reflect_2a1a6b92-ea35-11ee-b922-047c16a08772_0-205_80-90.png,box,box,True
box_01_freq_reflect_2a1a6b92-ea35-11ee-b922-047c16a08772_0-206_80-90.png,box,box,True
box_01_freq_reflect_2a1a6b92-ea35-11ee-b922-047c16a08772_0-207_80-90.png,box,box,True
box_01_freq_reflect_2a1a6b92-ea35-11ee-b922-047c16a08772_0-208_80-90.png,box,box,True
box_01_freq_reflect_2a1a6b92-ea35-11ee-b922-047c16a08772_0-209_80-90.png,box,box,True
box_01_freq_reflect_2a1a6b92-ea35-11ee-b922-047c16a08772_0-20_80-90.png,box,box,True
box_01_freq_reflect_2a1a6b92-ea35-11ee-b922-047c16a08772_0-210_80-90.png,box,box,True
box_01_freq_reflect_2a1a6b92-ea35-11ee-b922-047c16a08772_0-211_80-90.png,box,box,True
box_01_freq_reflect_2a1a6b92-ea35-11ee-b922-047c16a08772_0-212_80-90.png,box,box,True
box_01_freq_reflect_2a1a6b92-ea35-11ee-b922-047c16a08772_0-213_80-90.png,box,box,True
box_01_freq_reflect_2a1a6b92-ea35-11ee-b922-047c16a08772_0-214_80-90.png,box,box,True
box_01_freq_reflect_2a1a6b92-ea35-11ee-b922-047c16a08772_0-215_80-90.png,box,box,True
box_01_freq_reflect_2a1a6b92-ea35-11ee-b922-047c16a08772_0-216_80-90.png,box,box,True
box_01_freq_reflect_2a1a6b92-ea35-11ee-b922-047c16a08772_0-217_80-90.png,box,box,True
box_01_freq_reflect_2a1a6b92-ea35-11ee-b922-047c16a08772_0-218_80-90.png,box,box,True
box_01_freq_reflect_2a1a6b92-ea35-11ee-b922-047c16a08772_0-219_80-90.png,box,box,True
box_01_freq_reflect_2a1a6b92-ea35-11ee-b922-047c16a08772_0-21_80-90.png,box,box,True
box_01_freq_reflect_2a1a6b92-ea35-11ee-b922-047c16a08772_0-220_80-90.png,box,box,True
box_01_freq_reflect_2a1a6b92-ea35-11ee-b922-047c16a08772_0-221_80-90.png,box,box,True
box_01_freq_reflect_2a1a6b92-ea35-11ee-b922-047c16a08772_0-222_80-90.png,box,box,True
box_01_freq_reflect_2a1a6b92-ea35-11ee-b922-047c16a08772_0-223_80-90.png,box,box,True
box_01_freq_reflect_2a1a6b92-ea35-11ee-b922-047c16a08772_0-224_80-90.png,box,box,True
box_01_freq_reflect_2a1a6b92-ea35-11ee-b922-047c16a08772_0-225_80-90.png,box,box,True
box_01_freq_reflect_2a1a6b92-ea35-11ee-b922-047c16a08772_0-226_80-90.png,box,box,True
box_01_freq_reflect_2a1a6b92-ea35-11ee-b922-047c16a08772_0-227_80-90.png,box,box,True
box_01_freq_reflect_2a1a6b92-ea35-11ee-b922-047c16a08772_0-228_80-90.png,box,box,True
box_01_freq_reflect_2a1a6b92-ea35-11ee-b922-047c16a08772_0-229_80-90.png,box,box,True
box_01_freq_reflect_2a1a6b92-ea35-11ee-b922-047c16a08772_0-22_80-90.png,box,circle,False
box_01_freq_reflect_2a1a6b92-ea35-11ee-b922-047c16a08772_0-230_80-90.png,box,box,True
box_01_freq_reflect_2a1a6b92-ea35-11ee-b922-047c16a08772_0-231_80-90.png,box,box,True
box_01_freq_reflect_2a1a6b92-ea35-11ee-b922-047c16a08772_0-232_80-90.png,box,box,True
box_01_freq_reflect_2a1a6b92-ea35-11ee-b922-047c16a08772_0-233_80-90.png,box,box,True
box_01_freq_reflect_2a1a6b92-ea35-11ee-b922-047c16a08772_0-234_80-90.png,box,box,True
box_01_freq_reflect_2a1a6b92-ea35-11ee-b922-047c16a08772_0-235_80-90.png,box,box,True
box_01_freq_reflect_2a1a6b92-ea35-11ee-b922-047c16a08772_0-236_80-90.png,box,box,True
box_01_freq_reflect_2a1a6b92-ea35-11ee-b922-047c16a08772_0-237_80-90.png,box,box,True
box_01_freq_reflect_2a1a6b92-ea35-11ee-b922-047c16a08772_0-238_80-90.png,box,box,True
box_01_freq_reflect_2a1a6b92-ea35-11ee-b922-047c16a08772_0-239_80-90.png,box,box,True
box_01_freq_reflect_2a1a6b92-ea35-11ee-b922-047c16a08772_0-23_80-90.png,box,box,True
box_01_freq_reflect_2a1a6b92-ea35-11ee-b922-047c16a08772_0-240_80-90.png,box,box,True
box_01_freq_reflect_2a1a6b92-ea35-11ee-b922-047c16a08772_0-241_80-90.png,box,box,True
box_01_freq_reflect_2a1a6b92-ea35-11ee-b922-047c16a08772_0-242_80-90.png,box,box,True
box_01_freq_reflect_2a1a6b92-ea35-11ee-b922-047c16a08772_0-243_80-90.png,box,box,True
box_01_freq_reflect_2a1a6b92-ea35-11ee-b922-047c16a08772_0-244_80-90.png,box,box,True
box_01_freq_reflect_2a1a6b92-ea35-11ee-b922-047c16a08772_0-245_80-90.png,box,box,True
box_01_freq_reflect_2a1a6b92-ea35-11ee-b922-047c16a08772_0-246_80-90.png,box,box,True
box_01_freq_reflect_2a1a6b92-ea35-11ee-b922-047c16a08772_0-247_80-90.png,box,box,True
box_01_freq_reflect_2a1a6b92-ea35-11ee-b922-047c16a08772_0-248_80-90.png,box,box,True
box_01_freq_reflect_2a1a6b92-ea35-11ee-b922-047c16a08772_0-249_80-90.png,box,box,True
box_01_freq_reflect_2a1a6b92-ea35-11ee-b922-047c16a08772_0-24_80-90.png,box,circle,False
box_01_freq_reflect_2a1a6b92-ea35-11ee-b922-047c16a08772_0-250_80-90.png,box,box,True
box_01_freq_reflect_2a1a6b92-ea35-11ee-b922-047c16a08772_0-251_80-90.png,box,box,True
box_01_freq_reflect_2a1a6b92-ea35-11ee-b922-047c16a08772_0-252_80-90.png,box,box,True
box_01_freq_reflect_2a1a6b92-ea35-11ee-b922-047c16a08772_0-253_80-90.png,box,box,True
box_01_freq_reflect_2a1a6b92-ea35-11ee-b922-047c16a08772_0-254_80-90.png,box,box,True
box_01_freq_reflect_2a1a6b92-ea35-11ee-b922-047c16a08772_0-255_80-90.png,box,box,True
box_01_freq_reflect_2a1a6b92-ea35-11ee-b922-047c16a08772_0-256_80-90.png,box,box,True
box_01_freq_reflect_2a1a6b92-ea35-11ee-b922-047c16a08772_0-257_80-90.png,box,box,True
box_01_freq_reflect_2a1a6b92-ea35-11ee-b922-047c16a08772_0-258_80-90.png,box,box,True
box_01_freq_reflect_2a1a6b92-ea35-11ee-b922-047c16a08772_0-259_80-90.png,box,box,True
box_01_freq_reflect_2a1a6b92-ea35-11ee-b922-047c16a08772_0-25_80-90.png,box,box,True
box_01_freq_reflect_2a1a6b92-ea35-11ee-b922-047c16a08772_0-260_80-90.png,box,box,True
box_01_freq_reflect_2a1a6b92-ea35-11ee-b922-047c16a08772_0-261_80-90.png,box,box,True
box_01_freq_reflect_2a1a6b92-ea35-11ee-b922-047c16a08772_0-262_80-90.png,box,box,True
box_01_freq_reflect_2a1a6b92-ea35-11ee-b922-047c16a08772_0-263_80-90.png,box,box,True
box_01_freq_reflect_2a1a6b92-ea35-11ee-b922-047c16a08772_0-264_80-90.png,box,box,True
box_01_freq_reflect_2a1a6b92-ea35-11ee-b922-047c16a08772_0-265_80-90.png,box,box,True
box_01_freq_reflect_2a1a6b92-ea35-11ee-b922-047c16a08772_0-266_80-90.png,box,box,True
box_01_freq_reflect_2a1a6b92-ea35-11ee-b922-047c16a08772_0-267_80-90.png,box,box,True
box_01_freq_reflect_2a1a6b92-ea35-11ee-b922-047c16a08772_0-268_80-90.png,box,box,True
box_01_freq_reflect_2a1a6b92-ea35-11ee-b922-047c16a08772_0-269_80-90.png,box,box,True
box_01_freq_reflect_2a1a6b92-ea35-11ee-b922-047c16a08772_0-26_80-90.png,box,box,True
box_01_freq_reflect_2a1a6b92-ea35-11ee-b922-047c16a08772_0-270_80-90.png,box,box,True
box_01_freq_reflect_2a1a6b92-ea35-11ee-b922-047c16a08772_0-271_80-90.png,box,box,True
box_01_freq_reflect_2a1a6b92-ea35-11ee-b922-047c16a08772_0-272_80-90.png,box,box,True
box_01_freq_reflect_2a1a6b92-ea35-11ee-b922-047c16a08772_0-273_80-90.png,box,box,True
box_01_freq_reflect_2a1a6b92-ea35-11ee-b922-047c16a08772_0-274_80-90.png,box,box,True
box_01_freq_reflect_2a1a6b92-ea35-11ee-b922-047c16a08772_0-275_80-90.png,box,circle,False
box_01_freq_reflect_2a1a6b92-ea35-11ee-b922-047c16a08772_0-276_80-90.png,box,box,True
box_01_freq_reflect_2a1a6b92-ea35-11ee-b922-047c16a08772_0-277_80-90.png,box,box,True
box_01_freq_reflect_2a1a6b92-ea35-11ee-b922-047c16a08772_0-278_80-90.png,box,box,True
box_01_freq_reflect_2a1a6b92-ea35-11ee-b922-047c16a08772_0-279_80-90.png,box,box,True
box_01_freq_reflect_2a1a6b92-ea35-11ee-b922-047c16a08772_0-27_80-90.png,box,box,True
box_01_freq_reflect_2a1a6b92-ea35-11ee-b922-047c16a08772_0-280_80-90.png,box,box,True
box_01_freq_reflect_2a1a6b92-ea35-11ee-b922-047c16a08772_0-281_80-90.png,box,box,True
box_01_freq_reflect_2a1a6b92-ea35-11ee-b922-047c16a08772_0-282_80-90.png,box,circle,False
box_01_freq_reflect_2a1a6b92-ea35-11ee-b922-047c16a08772_0-283_80-90.png,box,box,True
box_01_freq_reflect_2a1a6b92-ea35-11ee-b922-047c16a08772_0-284_80-90.png,box,box,True
box_01_freq_reflect_2a1a6b92-ea35-11ee-b922-047c16a08772_0-285_80-90.png,box,box,True
box_01_freq_reflect_2a1a6b92-ea35-11ee-b922-047c16a08772_0-286_80-90.png,box,box,True
box_01_freq_reflect_2a1a6b92-ea35-11ee-b922-047c16a08772_0-287_80-90.png,box,box,True
box_01_freq_reflect_2a1a6b92-ea35-11ee-b922-047c16a08772_0-288_80-90.png,box,box,True
box_01_freq_reflect_2a1a6b92-ea35-11ee-b922-047c16a08772_0-289_80-90.png,box,box,True
box_01_freq_reflect_2a1a6b92-ea35-11ee-b922-047c16a08772_0-28_80-90.png,box,box,True
box_01_freq_reflect_2a1a6b92-ea35-11ee-b922-047c16a08772_0-290_80-90.png,box,box,True
box_01_freq_reflect_2a1a6b92-ea35-11ee-b922-047c16a08772_0-291_80-90.png,box,box,True
box_01_freq_reflect_2a1a6b92-ea35-11ee-b922-047c16a08772_0-292_80-90.png,box,box,True
box_01_freq_reflect_2a1a6b92-ea35-11ee-b922-047c16a08772_0-293_80-90.png,box,box,True
box_01_freq_reflect_2a1a6b92-ea35-11ee-b922-047c16a08772_0-294_80-90.png,box,box,True
box_01_freq_reflect_2a1a6b92-ea35-11ee-b922-047c16a08772_0-295_80-90.png,box,box,True
box_01_freq_reflect_2a1a6b92-ea35-11ee-b922-047c16a08772_0-296_80-90.png,box,box,True
box_01_freq_reflect_2a1a6b92-ea35-11ee-b922-047c16a08772_0-297_80-90.png,box,box,True
box_01_freq_reflect_2a1a6b92-ea35-11ee-b922-047c16a08772_0-298_80-90.png,box,circle,False
box_01_freq_reflect_2a1a6b92-ea35-11ee-b922-047c16a08772_0-299_80-90.png,box,box,True
box_01_freq_reflect_2a1a6b92-ea35-11ee-b922-047c16a08772_0-29_80-90.png,box,box,True
box_01_freq_reflect_2a1a6b92-ea35-11ee-b922-047c16a08772_0-2_80-90.png,box,box,True
box_01_freq_reflect_2a1a6b92-ea35-11ee-b922-047c16a08772_0-300_80-90.png,box,box,True
box_01_freq_reflect_2a1a6b92-ea35-11ee-b922-047c16a08772_0-301_80-90.png,box,box,True
box_01_freq_reflect_2a1a6b92-ea35-11ee-b922-047c16a08772_0-302_80-90.png,box,box,True
box_01_freq_reflect_2a1a6b92-ea35-11ee-b922-047c16a08772_0-303_80-90.png,box,box,True
box_01_freq_reflect_2a1a6b92-ea35-11ee-b922-047c16a08772_0-304_80-90.png,box,box,True
box_01_freq_reflect_2a1a6b92-ea35-11ee-b922-047c16a08772_0-305_80-90.png,box,box,True
box_01_freq_reflect_2a1a6b92-ea35-11ee-b922-047c16a08772_0-306_80-90.png,box,box,True
box_01_freq_reflect_2a1a6b92-ea35-11ee-b922-047c16a08772_0-307_80-90.png,box,box,True
box_01_freq_reflect_2a1a6b92-ea35-11ee-b922-047c16a08772_0-308_80-90.png,box,box,True
box_01_freq_reflect_2a1a6b92-ea35-11ee-b922-047c16a08772_0-309_80-90.png,box,box,True
box_01_freq_reflect_2a1a6b92-ea35-11ee-b922-047c16a08772_0-30_80-90.png,box,box,True
box_01_freq_reflect_2a1a6b92-ea35-11ee-b922-047c16a08772_0-310_80-90.png,box,box,True
box_01_freq_reflect_2a1a6b92-ea35-11ee-b922-047c16a08772_0-311_80-90.png,box,box,True
box_01_freq_reflect_2a1a6b92-ea35-11ee-b922-047c16a08772_0-312_80-90.png,box,box,True
box_01_freq_reflect_2a1a6b92-ea35-11ee-b922-047c16a08772_0-313_80-90.png,box,box,True
box_01_freq_reflect_2a1a6b92-ea35-11ee-b922-047c16a08772_0-314_80-90.png,box,box,True
box_01_freq_reflect_2a1a6b92-ea35-11ee-b922-047c16a08772_0-315_80-90.png,box,box,True
box_01_freq_reflect_2a1a6b92-ea35-11ee-b922-047c16a08772_0-316_80-90.png,box,box,True
box_01_freq_reflect_2a1a6b92-ea35-11ee-b922-047c16a08772_0-317_80-90.png,box,box,True
box_01_freq_reflect_2a1a6b92-ea35-11ee-b922-047c16a08772_0-318_80-90.png,box,box,True
box_01_freq_reflect_2a1a6b92-ea35-11ee-b922-047c16a08772_0-319_80-90.png,box,box,True
box_01_freq_reflect_2a1a6b92-ea35-11ee-b922-047c16a08772_0-31_80-90.png,box,box,True
box_01_freq_reflect_2a1a6b92-ea35-11ee-b922-047c16a08772_0-320_80-90.png,box,box,True
box_01_freq_reflect_2a1a6b92-ea35-11ee-b922-047c16a08772_0-321_80-90.png,box,box,True
box_01_freq_reflect_2a1a6b92-ea35-11ee-b922-047c16a08772_0-322_80-90.png,box,box,True
box_01_freq_reflect_2a1a6b92-ea35-11ee-b922-047c16a08772_0-323_80-90.png,box,box,True
box_01_freq_reflect_2a1a6b92-ea35-11ee-b922-047c16a08772_0-324_80-90.png,box,box,True
box_01_freq_reflect_2a1a6b92-ea35-11ee-b922-047c16a08772_0-325_80-90.png,box,box,True
box_01_freq_reflect_2a1a6b92-ea35-11ee-b922-047c16a08772_0-326_80-90.png,box,box,True
box_01_freq_reflect_2a1a6b92-ea35-11ee-b922-047c16a08772_0-327_80-90.png,box,box,True
box_01_freq_reflect_2a1a6b92-ea35-11ee-b922-047c16a08772_0-328_80-90.png,box,box,True
box_01_freq_reflect_2a1a6b92-ea35-11ee-b922-047c16a08772_0-329_80-90.png,box,box,True
box_01_freq_reflect_2a1a6b92-ea35-11ee-b922-047c16a08772_0-32_80-90.png,box,box,True
box_01_freq_reflect_2a1a6b92-ea35-11ee-b922-047c16a08772_0-330_80-90.png,box,box,True
box_01_freq_reflect_2a1a6b92-ea35-11ee-b922-047c16a08772_0-331_80-90.png,box,box,True
box_01_freq_reflect_2a1a6b92-ea35-11ee-b922-047c16a08772_0-332_80-90.png,box,box,True
box_01_freq_reflect_2a1a6b92-ea35-11ee-b922-047c16a08772_0-333_80-90.png,box,box,True
box_01_freq_reflect_2a1a6b92-ea35-11ee-b922-047c16a08772_0-334_80-90.png,box,box,True
box_01_freq_reflect_2a1a6b92-ea35-11ee-b922-047c16a08772_0-335_80-90.png,box,box,True
box_01_freq_reflect_2a1a6b92-ea35-11ee-b922-047c16a08772_0-336_80-90.png,box,box,True
box_01_freq_reflect_2a1a6b92-ea35-11ee-b922-047c16a08772_0-337_80-90.png,box,box,True
box_01_freq_reflect_2a1a6b92-ea35-11ee-b922-047c16a08772_0-338_80-90.png,box,box,True
box_01_freq_reflect_2a1a6b92-ea35-11ee-b922-047c16a08772_0-339_80-90.png,box,box,True
box_01_freq_reflect_2a1a6b92-ea35-11ee-b922-047c16a08772_0-33_80-90.png,box,box,True
box_01_freq_reflect_2a1a6b92-ea35-11ee-b922-047c16a08772_0-340_80-90.png,box,box,True
box_01_freq_reflect_2a1a6b92-ea35-11ee-b922-047c16a08772_0-341_80-90.png,box,box,True
box_01_freq_reflect_2a1a6b92-ea35-11ee-b922-047c16a08772_0-342_80-90.png,box,box,True
box_01_freq_reflect_2a1a6b92-ea35-11ee-b922-047c16a08772_0-343_80-90.png,box,box,True
box_01_freq_reflect_2a1a6b92-ea35-11ee-b922-047c16a08772_0-344_80-90.png,box,box,True
box_01_freq_reflect_2a1a6b92-ea35-11ee-b922-047c16a08772_0-345_80-90.png,box,box,True
box_01_freq_reflect_2a1a6b92-ea35-11ee-b922-047c16a08772_0-346_80-90.png,box,box,True
box_01_freq_reflect_2a1a6b92-ea35-11ee-b922-047c16a08772_0-347_80-90.png,box,box,True
box_01_freq_reflect_2a1a6b92-ea35-11ee-b922-047c16a08772_0-348_80-90.png,box,box,True
box_01_freq_reflect_2a1a6b92-ea35-11ee-b922-047c16a08772_0-349_80-90.png,box,box,True
box_01_freq_reflect_2a1a6b92-ea35-11ee-b922-047c16a08772_0-34_80-90.png,box,box,True
box_01_freq_reflect_2a1a6b92-ea35-11ee-b922-047c16a08772_0-350_80-90.png,box,box,True
box_01_freq_reflect_2a1a6b92-ea35-11ee-b922-047c16a08772_0-351_80-90.png,box,box,True
box_01_freq_reflect_2a1a6b92-ea35-11ee-b922-047c16a08772_0-352_80-90.png,box,box,True
box_01_freq_reflect_2a1a6b92-ea35-11ee-b922-047c16a08772_0-353_80-90.png,box,box,True
box_01_freq_reflect_2a1a6b92-ea35-11ee-b922-047c16a08772_0-354_80-90.png,box,box,True
box_01_freq_reflect_2a1a6b92-ea35-11ee-b922-047c16a08772_0-355_80-90.png,box,box,True
box_01_freq_reflect_2a1a6b92-ea35-11ee-b922-047c16a08772_0-356_80-90.png,box,box,True
box_01_freq_reflect_2a1a6b92-ea35-11ee-b922-047c16a08772_0-357_80-90.png,box,box,True
box_01_freq_reflect_2a1a6b92-ea35-11ee-b922-047c16a08772_0-358_80-90.png,box,box,True
box_01_freq_reflect_2a1a6b92-ea35-11ee-b922-047c16a08772_0-359_80-90.png,box,box,True
box_01_freq_reflect_2a1a6b92-ea35-11ee-b922-047c16a08772_0-35_80-90.png,box,box,True
box_01_freq_reflect_2a1a6b92-ea35-11ee-b922-047c16a08772_0-360_80-90.png,box,box,True
box_01_freq_reflect_2a1a6b92-ea35-11ee-b922-047c16a08772_0-361_80-90.png,box,box,True
box_01_freq_reflect_2a1a6b92-ea35-11ee-b922-047c16a08772_0-362_80-90.png,box,box,True
box_01_freq_reflect_2a1a6b92-ea35-11ee-b922-047c16a08772_0-363_80-90.png,box,box,True
box_01_freq_reflect_2a1a6b92-ea35-11ee-b922-047c16a08772_0-364_80-90.png,box,box,True
box_01_freq_reflect_2a1a6b92-ea35-11ee-b922-047c16a08772_0-365_80-90.png,box,box,True
box_01_freq_reflect_2a1a6b92-ea35-11ee-b922-047c16a08772_0-366_80-90.png,box,box,True
box_01_freq_reflect_2a1a6b92-ea35-11ee-b922-047c16a08772_0-367_80-90.png,box,box,True
box_01_freq_reflect_2a1a6b92-ea35-11ee-b922-047c16a08772_0-368_80-90.png,box,box,True
box_01_freq_reflect_2a1a6b92-ea35-11ee-b922-047c16a08772_0-369_80-90.png,box,box,True
box_01_freq_reflect_2a1a6b92-ea35-11ee-b922-047c16a08772_0-36_80-90.png,box,box,True
box_01_freq_reflect_2a1a6b92-ea35-11ee-b922-047c16a08772_0-370_80-90.png,box,box,True
box_01_freq_reflect_2a1a6b92-ea35-11ee-b922-047c16a08772_0-371_80-90.png,box,circle,False
box_01_freq_reflect_2a1a6b92-ea35-11ee-b922-047c16a08772_0-372_80-90.png,box,box,True
box_01_freq_reflect_2a1a6b92-ea35-11ee-b922-047c16a08772_0-373_80-90.png,box,box,True
box_01_freq_reflect_2a1a6b92-ea35-11ee-b922-047c16a08772_0-374_80-90.png,box,box,True
box_01_freq_reflect_2a1a6b92-ea35-11ee-b922-047c16a08772_0-375_80-90.png,box,circle,False
box_01_freq_reflect_2a1a6b92-ea35-11ee-b922-047c16a08772_0-376_80-90.png,box,box,True
box_01_freq_reflect_2a1a6b92-ea35-11ee-b922-047c16a08772_0-377_80-90.png,box,box,True
box_01_freq_reflect_2a1a6b92-ea35-11ee-b922-047c16a08772_0-378_80-90.png,box,box,True
box_01_freq_reflect_2a1a6b92-ea35-11ee-b922-047c16a08772_0-379_80-90.png,box,box,True
box_01_freq_reflect_2a1a6b92-ea35-11ee-b922-047c16a08772_0-37_80-90.png,box,box,True
box_01_freq_reflect_2a1a6b92-ea35-11ee-b922-047c16a08772_0-380_80-90.png,box,box,True
box_01_freq_reflect_2a1a6b92-ea35-11ee-b922-047c16a08772_0-381_80-90.png,box,box,True
box_01_freq_reflect_2a1a6b92-ea35-11ee-b922-047c16a08772_0-382_80-90.png,box,box,True
box_01_freq_reflect_2a1a6b92-ea35-11ee-b922-047c16a08772_0-383_80-90.png,box,box,True
box_01_freq_reflect_2a1a6b92-ea35-11ee-b922-047c16a08772_0-384_80-90.png,box,box,True
box_01_freq_reflect_2a1a6b92-ea35-11ee-b922-047c16a08772_0-385_80-90.png,box,box,True
box_01_freq_reflect_2a1a6b92-ea35-11ee-b922-047c16a08772_0-386_80-90.png,box,box,True
box_01_freq_reflect_2a1a6b92-ea35-11ee-b922-047c16a08772_0-387_80-90.png,box,box,True
box_01_freq_reflect_2a1a6b92-ea35-11ee-b922-047c16a08772_0-388_80-90.png,box,box,True
box_01_freq_reflect_2a1a6b92-ea35-11ee-b922-047c16a08772_0-389_80-90.png,box,box,True
box_01_freq_reflect_2a1a6b92-ea35-11ee-b922-047c16a08772_0-38_80-90.png,box,box,True
box_01_freq_reflect_2a1a6b92-ea35-11ee-b922-047c16a08772_0-390_80-90.png,box,box,True
box_01_freq_reflect_2a1a6b92-ea35-11ee-b922-047c16a08772_0-391_80-90.png,box,box,True
box_01_freq_reflect_2a1a6b92-ea35-11ee-b922-047c16a08772_0-392_80-90.png,box,box,True
box_01_freq_reflect_2a1a6b92-ea35-11ee-b922-047c16a08772_0-393_80-90.png,box,box,True
box_01_freq_reflect_2a1a6b92-ea35-11ee-b922-047c16a08772_0-394_80-90.png,box,box,True
box_01_freq_reflect_2a1a6b92-ea35-11ee-b922-047c16a08772_0-395_80-90.png,box,box,True
box_01_freq_reflect_2a1a6b92-ea35-11ee-b922-047c16a08772_0-396_80-90.png,box,box,True
box_01_freq_reflect_2a1a6b92-ea35-11ee-b922-047c16a08772_0-397_80-90.png,box,box,True
box_01_freq_reflect_2a1a6b92-ea35-11ee-b922-047c16a08772_0-398_80-90.png,box,box,True
box_01_freq_reflect_2a1a6b92-ea35-11ee-b922-047c16a08772_0-399_80-90.png,box,box,True
box_01_freq_reflect_2a1a6b92-ea35-11ee-b922-047c16a08772_0-39_80-90.png,box,box,True
box_01_freq_reflect_2a1a6b92-ea35-11ee-b922-047c16a08772_0-3_80-90.png,box,box,True
box_01_freq_reflect_2a1a6b92-ea35-11ee-b922-047c16a08772_0-400_80-90.png,box,box,True
box_01_freq_reflect_2a1a6b92-ea35-11ee-b922-047c16a08772_0-401_80-90.png,box,box,True
box_01_freq_reflect_2a1a6b92-ea35-11ee-b922-047c16a08772_0-402_80-90.png,box,box,True
box_01_freq_reflect_2a1a6b92-ea35-11ee-b922-047c16a08772_0-403_80-90.png,box,box,True
box_01_freq_reflect_2a1a6b92-ea35-11ee-b922-047c16a08772_0-404_80-90.png,box,box,True
box_01_freq_reflect_2a1a6b92-ea35-11ee-b922-047c16a08772_0-405_80-90.png,box,box,True
box_01_freq_reflect_2a1a6b92-ea35-11ee-b922-047c16a08772_0-406_80-90.png,box,box,True
box_01_freq_reflect_2a1a6b92-ea35-11ee-b922-047c16a08772_0-407_80-90.png,box,box,True
box_01_freq_reflect_2a1a6b92-ea35-11ee-b922-047c16a08772_0-408_80-90.png,box,box,True
box_01_freq_reflect_2a1a6b92-ea35-11ee-b922-047c16a08772_0-409_80-90.png,box,box,True
box_01_freq_reflect_2a1a6b92-ea35-11ee-b922-047c16a08772_0-40_80-90.png,box,box,True
box_01_freq_reflect_2a1a6b92-ea35-11ee-b922-047c16a08772_0-410_80-90.png,box,box,True
box_01_freq_reflect_2a1a6b92-ea35-11ee-b922-047c16a08772_0-411_80-90.png,box,box,True
box_01_freq_reflect_2a1a6b92-ea35-11ee-b922-047c16a08772_0-412_80-90.png,box,box,True
box_01_freq_reflect_2a1a6b92-ea35-11ee-b922-047c16a08772_0-413_80-90.png,box,box,True
box_01_freq_reflect_2a1a6b92-ea35-11ee-b922-047c16a08772_0-414_80-90.png,box,box,True
box_01_freq_reflect_2a1a6b92-ea35-11ee-b922-047c16a08772_0-415_80-90.png,box,box,True
box_01_freq_reflect_2a1a6b92-ea35-11ee-b922-047c16a08772_0-416_80-90.png,box,box,True
box_01_freq_reflect_2a1a6b92-ea35-11ee-b922-047c16a08772_0-417_80-90.png,box,box,True
box_01_freq_reflect_2a1a6b92-ea35-11ee-b922-047c16a08772_0-418_80-90.png,box,box,True
box_01_freq_reflect_2a1a6b92-ea35-11ee-b922-047c16a08772_0-419_80-90.png,box,box,True
box_01_freq_reflect_2a1a6b92-ea35-11ee-b922-047c16a08772_0-41_80-90.png,box,box,True
box_01_freq_reflect_2a1a6b92-ea35-11ee-b922-047c16a08772_0-420_80-90.png,box,box,True
box_01_freq_reflect_2a1a6b92-ea35-11ee-b922-047c16a08772_0-421_80-90.png,box,box,True
box_01_freq_reflect_2a1a6b92-ea35-11ee-b922-047c16a08772_0-422_80-90.png,box,box,True
box_01_freq_reflect_2a1a6b92-ea35-11ee-b922-047c16a08772_0-423_80-90.png,box,box,True
box_01_freq_reflect_2a1a6b92-ea35-11ee-b922-047c16a08772_0-424_80-90.png,box,box,True
box_01_freq_reflect_2a1a6b92-ea35-11ee-b922-047c16a08772_0-425_80-90.png,box,box,True
box_01_freq_reflect_2a1a6b92-ea35-11ee-b922-047c16a08772_0-426_80-90.png,box,box,True
box_01_freq_reflect_2a1a6b92-ea35-11ee-b922-047c16a08772_0-427_80-90.png,box,box,True
box_01_freq_reflect_2a1a6b92-ea35-11ee-b922-047c16a08772_0-428_80-90.png,box,box,True
box_01_freq_reflect_2a1a6b92-ea35-11ee-b922-047c16a08772_0-429_80-90.png,box,box,True
box_01_freq_reflect_2a1a6b92-ea35-11ee-b922-047c16a08772_0-42_80-90.png,box,box,True
box_01_freq_reflect_2a1a6b92-ea35-11ee-b922-047c16a08772_0-430_80-90.png,box,box,True
box_01_freq_reflect_2a1a6b92-ea35-11ee-b922-047c16a08772_0-431_80-90.png,box,box,True
box_01_freq_reflect_2a1a6b92-ea35-11ee-b922-047c16a08772_0-432_80-90.png,box,box,True
box_01_freq_reflect_2a1a6b92-ea35-11ee-b922-047c16a08772_0-433_80-90.png,box,box,True
box_01_freq_reflect_2a1a6b92-ea35-11ee-b922-047c16a08772_0-434_80-90.png,box,box,True
box_01_freq_reflect_2a1a6b92-ea35-11ee-b922-047c16a08772_0-435_80-90.png,box,box,True
box_01_freq_reflect_2a1a6b92-ea35-11ee-b922-047c16a08772_0-436_80-90.png,box,box,True
box_01_freq_reflect_2a1a6b92-ea35-11ee-b922-047c16a08772_0-437_80-90.png,box,box,True
box_01_freq_reflect_2a1a6b92-ea35-11ee-b922-047c16a08772_0-438_80-90.png,box,box,True
box_01_freq_reflect_2a1a6b92-ea35-11ee-b922-047c16a08772_0-439_80-90.png,box,box,True
box_01_freq_reflect_2a1a6b92-ea35-11ee-b922-047c16a08772_0-43_80-90.png,box,box,True
box_01_freq_reflect_2a1a6b92-ea35-11ee-b922-047c16a08772_0-440_80-90.png,box,box,True
box_01_freq_reflect_2a1a6b92-ea35-11ee-b922-047c16a08772_0-441_80-90.png,box,box,True
box_01_freq_reflect_2a1a6b92-ea35-11ee-b922-047c16a08772_0-442_80-90.png,box,box,True
box_01_freq_reflect_2a1a6b92-ea35-11ee-b922-047c16a08772_0-443_80-90.png,box,box,True
box_01_freq_reflect_2a1a6b92-ea35-11ee-b922-047c16a08772_0-444_80-90.png,box,box,True
box_01_freq_reflect_2a1a6b92-ea35-11ee-b922-047c16a08772_0-445_80-90.png,box,box,True
box_01_freq_reflect_2a1a6b92-ea35-11ee-b922-047c16a08772_0-446_80-90.png,box,box,True
box_01_freq_reflect_2a1a6b92-ea35-11ee-b922-047c16a08772_0-447_80-90.png,box,box,True
box_01_freq_reflect_2a1a6b92-ea35-11ee-b922-047c16a08772_0-448_80-90.png,box,box,True
box_01_freq_reflect_2a1a6b92-ea35-11ee-b922-047c16a08772_0-449_80-90.png,box,box,True
box_01_freq_reflect_2a1a6b92-ea35-11ee-b922-047c16a08772_0-44_80-90.png,box,box,True
box_01_freq_reflect_2a1a6b92-ea35-11ee-b922-047c16a08772_0-450_80-90.png,box,box,True
box_01_freq_reflect_2a1a6b92-ea35-11ee-b922-047c16a08772_0-451_80-90.png,box,box,True
box_01_freq_reflect_2a1a6b92-ea35-11ee-b922-047c16a08772_0-452_80-90.png,box,box,True
box_01_freq_reflect_2a1a6b92-ea35-11ee-b922-047c16a08772_0-453_80-90.png,box,box,True
box_01_freq_reflect_2a1a6b92-ea35-11ee-b922-047c16a08772_0-454_80-90.png,box,box,True
box_01_freq_reflect_2a1a6b92-ea35-11ee-b922-047c16a08772_0-455_80-90.png,box,box,True
box_01_freq_reflect_2a1a6b92-ea35-11ee-b922-047c16a08772_0-456_80-90.png,box,box,True
box_01_freq_reflect_2a1a6b92-ea35-11ee-b922-047c16a08772_0-457_80-90.png,box,box,True
box_01_freq_reflect_2a1a6b92-ea35-11ee-b922-047c16a08772_0-458_80-90.png,box,box,True
box_01_freq_reflect_2a1a6b92-ea35-11ee-b922-047c16a08772_0-459_80-90.png,box,box,True
box_01_freq_reflect_2a1a6b92-ea35-11ee-b922-047c16a08772_0-45_80-90.png,box,box,True
box_01_freq_reflect_2a1a6b92-ea35-11ee-b922-047c16a08772_0-460_80-90.png,box,box,True
box_01_freq_reflect_2a1a6b92-ea35-11ee-b922-047c16a08772_0-461_80-90.png,box,box,True
box_01_freq_reflect_2a1a6b92-ea35-11ee-b922-047c16a08772_0-462_80-90.png,box,box,True
box_01_freq_reflect_2a1a6b92-ea35-11ee-b922-047c16a08772_0-463_80-90.png,box,box,True
box_01_freq_reflect_2a1a6b92-ea35-11ee-b922-047c16a08772_0-464_80-90.png,box,box,True
box_01_freq_reflect_2a1a6b92-ea35-11ee-b922-047c16a08772_0-465_80-90.png,box,box,True
box_01_freq_reflect_2a1a6b92-ea35-11ee-b922-047c16a08772_0-466_80-90.png,box,box,True
box_01_freq_reflect_2a1a6b92-ea35-11ee-b922-047c16a08772_0-467_80-90.png,box,box,True
box_01_freq_reflect_2a1a6b92-ea35-11ee-b922-047c16a08772_0-468_80-90.png,box,box,True
box_01_freq_reflect_2a1a6b92-ea35-11ee-b922-047c16a08772_0-469_80-90.png,box,box,True
box_01_freq_reflect_2a1a6b92-ea35-11ee-b922-047c16a08772_0-46_80-90.png,box,box,True
box_01_freq_reflect_2a1a6b92-ea35-11ee-b922-047c16a08772_0-470_80-90.png,box,circle,False
box_01_freq_reflect_2a1a6b92-ea35-11ee-b922-047c16a08772_0-471_80-90.png,box,box,True
box_01_freq_reflect_2a1a6b92-ea35-11ee-b922-047c16a08772_0-472_80-90.png,box,box,True
box_01_freq_reflect_2a1a6b92-ea35-11ee-b922-047c16a08772_0-473_80-90.png,box,box,True
box_01_freq_reflect_2a1a6b92-ea35-11ee-b922-047c16a08772_0-474_80-90.png,box,box,True
box_01_freq_reflect_2a1a6b92-ea35-11ee-b922-047c16a08772_0-475_80-90.png,box,box,True
box_01_freq_reflect_2a1a6b92-ea35-11ee-b922-047c16a08772_0-476_80-90.png,box,box,True
box_01_freq_reflect_2a1a6b92-ea35-11ee-b922-047c16a08772_0-477_80-90.png,box,box,True
box_01_freq_reflect_2a1a6b92-ea35-11ee-b922-047c16a08772_0-478_80-90.png,box,box,True
box_01_freq_reflect_2a1a6b92-ea35-11ee-b922-047c16a08772_0-479_80-90.png,box,circle,False
box_01_freq_reflect_2a1a6b92-ea35-11ee-b922-047c16a08772_0-47_80-90.png,box,circle,False
box_01_freq_reflect_2a1a6b92-ea35-11ee-b922-047c16a08772_0-480_80-90.png,box,box,True
box_01_freq_reflect_2a1a6b92-ea35-11ee-b922-047c16a08772_0-481_80-90.png,box,box,True
box_01_freq_reflect_2a1a6b92-ea35-11ee-b922-047c16a08772_0-482_80-90.png,box,box,True
box_01_freq_reflect_2a1a6b92-ea35-11ee-b922-047c16a08772_0-483_80-90.png,box,box,True
box_01_freq_reflect_2a1a6b92-ea35-11ee-b922-047c16a08772_0-484_80-90.png,box,box,True
box_01_freq_reflect_2a1a6b92-ea35-11ee-b922-047c16a08772_0-485_80-90.png,box,box,True
box_01_freq_reflect_2a1a6b92-ea35-11ee-b922-047c16a08772_0-486_80-90.png,box,box,True
box_01_freq_reflect_2a1a6b92-ea35-11ee-b922-047c16a08772_0-487_80-90.png,box,box,True
box_01_freq_reflect_2a1a6b92-ea35-11ee-b922-047c16a08772_0-488_80-90.png,box,box,True
box_01_freq_reflect_2a1a6b92-ea35-11ee-b922-047c16a08772_0-489_80-90.png,box,box,True
box_01_freq_reflect_2a1a6b92-ea35-11ee-b922-047c16a08772_0-48_80-90.png,box,box,True
box_01_freq_reflect_2a1a6b92-ea35-11ee-b922-047c16a08772_0-490_80-90.png,box,box,True
box_01_freq_reflect_2a1a6b92-ea35-11ee-b922-047c16a08772_0-491_80-90.png,box,box,True
box_01_freq_reflect_2a1a6b92-ea35-11ee-b922-047c16a08772_0-492_80-90.png,box,box,True
box_01_freq_reflect_2a1a6b92-ea35-11ee-b922-047c16a08772_0-493_80-90.png,box,box,True
box_01_freq_reflect_2a1a6b92-ea35-11ee-b922-047c16a08772_0-494_80-90.png,box,box,True
box_01_freq_reflect_2a1a6b92-ea35-11ee-b922-047c16a08772_0-495_80-90.png,box,box,True
box_01_freq_reflect_2a1a6b92-ea35-11ee-b922-047c16a08772_0-496_80-90.png,box,box,True
box_01_freq_reflect_2a1a6b92-ea35-11ee-b922-047c16a08772_0-497_80-90.png,box,box,True
box_01_freq_reflect_2a1a6b92-ea35-11ee-b922-047c16a08772_0-498_80-90.png,box,box,True
box_01_freq_reflect_2a1a6b92-ea35-11ee-b922-047c16a08772_0-499_80-90.png,box,box,True
box_01_freq_reflect_2a1a6b92-ea35-11ee-b922-047c16a08772_0-49_80-90.png,box,box,True
box_01_freq_reflect_2a1a6b92-ea35-11ee-b922-047c16a08772_0-4_80-90.png,box,box,True
box_01_freq_reflect_2a1a6b92-ea35-11ee-b922-047c16a08772_0-500_80-90.png,box,box,True
box_01_freq_reflect_2a1a6b92-ea35-11ee-b922-047c16a08772_0-501_80-90.png,box,box,True
box_01_freq_reflect_2a1a6b92-ea35-11ee-b922-047c16a08772_0-502_80-90.png,box,box,True
box_01_freq_reflect_2a1a6b92-ea35-11ee-b922-047c16a08772_0-503_80-90.png,box,box,True
box_01_freq_reflect_2a1a6b92-ea35-11ee-b922-047c16a08772_0-504_80-90.png,box,circle,False
box_01_freq_reflect_2a1a6b92-ea35-11ee-b922-047c16a08772_0-505_80-90.png,box,box,True
box_01_freq_reflect_2a1a6b92-ea35-11ee-b922-047c16a08772_0-506_80-90.png,box,box,True
box_01_freq_reflect_2a1a6b92-ea35-11ee-b922-047c16a08772_0-507_80-90.png,box,box,True
box_01_freq_reflect_2a1a6b92-ea35-11ee-b922-047c16a08772_0-508_80-90.png,box,box,True
box_01_freq_reflect_2a1a6b92-ea35-11ee-b922-047c16a08772_0-509_80-90.png,box,box,True
box_01_freq_reflect_2a1a6b92-ea35-11ee-b922-047c16a08772_0-50_80-90.png,box,box,True
box_01_freq_reflect_2a1a6b92-ea35-11ee-b922-047c16a08772_0-510_80-90.png,box,box,True
box_01_freq_reflect_2a1a6b92-ea35-11ee-b922-047c16a08772_0-511_80-90.png,box,box,True
box_01_freq_reflect_2a1a6b92-ea35-11ee-b922-047c16a08772_0-512_80-90.png,box,box,True
